user_age_group,shop_category,order_hour,order_dayofweek,user_avg_order_amount,shop_avg_price,user_order_count,shop_order_count,label
초등,분식,16,4,7392.857142857143,4881.4387211367675,28,1126,0
초등,일식,17,1,5650.0,9308.743169398907,30,183,1
고등,일식,18,2,6576.923076923077,9803.73831775701,13,214,1
초등,아시안,17,6,6711.538461538462,8282.312925170068,26,147,0
고등,베이커리,15,4,6660.714285714285,4262.962962962963,28,405,1
고등,베이커리,19,3,6475.0,5090.848806366048,20,754,1
기타,한식,17,4,6625.0,8172.588832487309,28,197,0
초등,일식,19,1,8000.0,8641.509433962265,14,530,0
기타,카페디저트,13,0,6375.0,5498.251748251748,20,286,1
초등,분식,16,4,4238.0952380952385,4028.1293952180026,21,711,1
고등,한식,19,0,8750.0,8009.708737864078,18,103,1
고등,한식,16,3,9055.555555555555,9410.714285714286,9,308,0
초등,일식,18,2,9088.235294117647,13418.560606060606,17,264,1
초등,일식,15,5,7750.0,7761.290322580645,18,775,0
고등,양식,19,5,9722.222222222223,11270.440251572327,18,159,0
초등,패스트푸드,12,0,6203.7037037037035,8250.0,27,678,0
고등,카페디저트,20,1,8272.727272727272,6297.029702970297,11,101,1
중등,카페디저트,16,1,7133.333333333333,4387.921653971708,15,919,0
초등,베이커리,16,3,5666.666666666667,4212.5,33,560,1
중등,프렌차이즈,15,5,6671.875,9208.333333333334,32,48,1
고등,한식,18,1,8880.952380952382,12046.153846153846,21,65,1
초등,베이커리,16,2,5378.787878787879,4608.28025477707,33,314,1
중등,일식,13,4,6145.1612903225805,8706.697459584295,31,433,0
중등,카페디저트,18,1,5583.333333333333,4325.949367088608,24,948,0
초등,패스트푸드,16,3,6384.615384615385,5105.691056910569,13,123,1
초등,분식,13,4,4070.5882352941176,5227.272727272727,17,176,0
고등,한식,12,1,7354.166666666667,8934.782608695652,24,46,0
초등,분식,16,6,5727.272727272727,3644.4444444444443,11,945,0
초등,분식,16,6,4600.0,3650.4854368932038,20,206,0
초등,베이커리,16,6,7937.5,4629.201680672269,16,476,0
고등,일식,18,0,6694.444444444444,9970.383275261323,18,287,0
중등,카페디저트,13,1,6625.0,5107.142857142857,16,56,0
초등,베이커리,19,2,4250.0,3131.8289786223277,20,421,1
초등,한식,17,2,5596.153846153846,8397.435897435897,26,39,1
고등,일식,20,0,8029.411764705882,10548.429319371728,17,382,1
초등,베이커리,9,5,4975.0,4212.5,20,560,1
고등,한식,16,3,8545.0,8413.24200913242,20,219,0
고등,한식,19,4,7673.913043478261,8179.245283018868,23,53,0
고등,중식,18,0,6761.9047619047615,8222.222222222223,21,99,0
초등,패스트푸드,13,1,5812.5,7644.827586206897,16,145,0
고등,일식,12,5,7680.0,11401.960784313726,25,408,0
중등,분식,13,3,5944.444444444444,4002.249718785152,18,889,1
중등,베이커리,17,3,5411.764705882353,4212.5,17,560,1
초등,베이커리,15,4,6550.0,5439.56043956044,10,91,0
고등,마트,18,5,7477.272727272727,5222.323049001815,22,551,1
고등,양식,13,5,7200.0,8544.262295081968,15,610,0
고등,중식,16,1,8321.42857142857,8222.222222222223,14,99,0
고등,일식,17,0,7863.636363636364,12033.527696793002,22,343,1
고등,한식,13,6,7630.434782608696,9510.416666666666,23,48,1
고등,한식,20,2,8142.857142857143,8547.79411764706,14,272,1
중등,분식,17,3,6647.058823529412,4922.945205479452,17,292,0
고등,베이커리,16,6,6500.0,5037.313432835821,24,402,1
중등,일식,18,4,7458.333333333333,9984.797297297297,24,296,1
초등,분식,16,5,6950.0,3719.13835956918,10,1207,0
고등,한식,20,6,7133.333333333333,9410.714285714286,15,308,1
초등,분식,15,5,7289.473684210527,3881.5261044176705,19,1245,1
중등,분식,19,6,6058.823529411765,4622.093023255814,17,258,0
초등,패스트푸드,15,5,3372.972972972973,5953.91061452514,37,358,0
초등,베이커리,18,3,6710.526315789473,3775.4820936639117,19,363,0
초등,한식,16,1,7125.0,13577.464788732394,8,71,1
초등,패스트푸드,16,2,5269.2307692307695,5953.91061452514,13,358,0
초등,정육점,17,3,5857.142857142857,9229.05027932961,21,179,0
기타,양식,18,4,7307.692307692308,10320.89552238806,26,67,0
고등,일식,19,6,7428.571428571428,10895.522388059702,21,67,0
고등,분식,13,2,7117.64705882353,4522.857142857143,17,525,1
초등,카페디저트,17,5,6956.521739130435,5686.206896551724,23,290,1
초등,패스트푸드,15,6,7677.272727272727,8871.207430340557,22,323,0
초등,한식,16,2,6119.047619047619,10460.526315789473,21,76,0
초등,카페디저트,15,1,6027.777777777777,4245.098039215686,18,357,0
고등,중식,19,2,7403.846153846154,8267.313019390582,26,361,0
초등,베이커리,17,2,4700.0,5710.601719197708,15,349,1
초등,베이커리,16,6,6000.0,4479.619565217391,10,368,0
고등,카페디저트,18,1,7500.0,4238.993710691824,25,318,0
초등,분식,9,3,5469.69696969697,4875.0,33,336,0
초등,아시안,16,5,5868.421052631579,11287.878787878788,19,33,1
초등,베이커리,15,3,7176.470588235294,5550.802139037433,17,187,0
초등,베이커리,15,3,4979.310344827586,4479.619565217391,29,368,1
초등,카페디저트,15,1,4883.870967741936,6770.27027027027,31,74,1
고등,카페디저트,19,4,6638.888888888889,4325.949367088608,18,948,0
고등,베이커리,15,0,6694.444444444444,4629.201680672269,18,476,1
초등,베이커리,17,4,5342.105263157895,2643.076923076923,19,325,0
중등,일식,19,3,5416.666666666667,7761.290322580645,12,775,0
중등,분식,18,3,7327.586206896552,3682.3529411764707,29,170,0
기타,분식,12,5,5078.125,4028.1293952180026,32,711,0
고등,카페디저트,19,1,7150.0,4930.513595166163,14,331,0
초등,한식,16,4,7458.333333333333,7264.619883040936,12,342,1
초등,분식,20,4,4777.777777777777,4071.6911764705883,18,272,0
중등,베이커리,15,4,4500.0,2643.076923076923,15,325,1
고등,한식,20,3,7074.074074074074,8776.073619631901,27,163,0
고등,베이커리,12,2,6652.173913043478,5090.848806366048,23,754,1
중등,카페디저트,17,1,5520.833333333333,4387.921653971708,24,919,1
초등,한식,13,4,6359.375,8751.162790697674,32,215,1
고등,카페디저트,19,3,6668.75,2656.5891472868216,16,258,1
고등,일식,12,5,6738.0952380952385,9072.745901639344,21,488,1
중등,분식,15,0,5560.0,4002.249718785152,25,889,0
초등,분식,15,6,6484.375,4876.344086021505,32,186,0
중등,분식,13,1,6050.0,4002.249718785152,20,889,1
중등,카페디저트,15,0,5950.0,3299.2700729927005,34,137,1
초등,베이커리,17,4,6115.384615384615,3930.9210526315787,26,304,0
초등,분식,17,0,6431.818181818182,3881.5261044176705,22,1245,0
고등,분식,15,0,6875.0,3719.13835956918,16,1207,1
고등,양식,17,5,7200.0,11168.60465116279,10,172,0
고등,카페디저트,17,4,5948.275862068966,4203.488372093023,29,86,0
중등,한식,17,5,7130.0,8117.924528301887,30,106,1
중등,분식,12,6,5795.454545454545,5227.272727272727,22,176,1
초등,카페디저트,16,0,6113.636363636364,4564.9819494584835,22,277,0
중등,베이커리,18,6,5306.451612903225,2296.352583586626,31,329,0
고등,양식,13,6,7950.0,11168.60465116279,20,172,1
기타,분식,15,2,5833.333333333333,4881.4387211367675,15,1126,0
고등,아시안,16,4,7156.666666666667,10703.125,30,32,1
초등,한식,18,1,5916.666666666667,8207.692307692309,30,65,1
고등,카페디저트,19,2,6083.333333333333,4539.156626506024,18,332,0
초등,편의점,16,5,5108.333333333333,2069.8234349919744,12,623,0
초등,베이커리,17,5,4833.333333333333,3553.8922155688624,30,167,0
고등,중식,18,5,7783.333333333333,8142.011834319526,30,169,1
초등,패스트푸드,17,6,5233.333333333333,5375.0,15,788,0
중등,분식,13,1,5327.272727272727,3723.9077669902913,11,824,1
중등,카페디저트,16,0,7488.235294117647,4930.513595166163,17,331,0
초등,베이커리,12,4,6000.0,3775.4820936639117,19,363,1
초등,편의점,8,6,4774.193548387097,2568.3520599250937,31,534,0
초등,카페디저트,13,1,7714.285714285715,4166.666666666667,7,153,0
초등,분식,16,0,5724.137931034483,4002.249718785152,29,889,1
초등,분식,13,3,5145.833333333333,3927.2197962154296,24,687,0
초등,베이커리,16,0,5738.0952380952385,3462.280701754386,21,342,0
중등,일식,16,2,6025.0,8601.694915254237,20,177,1
고등,일식,20,5,8100.0,11401.960784313726,20,408,0
중등,베이커리,12,1,5469.69696969697,5037.313432835821,33,402,0
고등,일식,19,1,8230.76923076923,10548.429319371728,13,382,1
중등,한식,18,0,5706.896551724138,8170.103092783505,29,97,1
초등,편의점,12,6,5500.0,2069.8234349919744,32,623,0
중등,카페디저트,15,6,7000.0,3553.054662379421,13,311,1
초등,분식,19,5,4941.176470588235,4715.469613259668,17,181,0
기타,한식,18,0,6356.25,8881.31313131313,16,198,1
고등,중식,17,2,7710.526315789473,8222.222222222223,19,99,1
초등,베이커리,15,2,5134.615384615385,3131.8289786223277,26,421,1
초등,한식,17,4,5634.615384615385,8491.379310344828,26,58,1
초등,베이커리,15,6,5500.0,4262.962962962963,11,405,1
초등,카페디저트,16,6,5394.736842105263,6629.56204379562,19,274,0
고등,일식,12,4,7766.666666666667,9812.5,15,136,0
중등,한식,16,3,7115.384615384615,9441.176470588236,13,85,1
초등,중식,17,3,6046.666666666667,8139.423076923077,15,104,0
초등,중식,15,0,5738.0952380952385,8033.56890459364,21,283,1
고등,카페디저트,20,0,5931.818181818182,3245.4545454545455,22,110,1
초등,분식,17,6,4928.571428571428,2676.950998185118,14,551,0
중등,분식,17,6,5423.076923076923,4875.0,13,336,0
중등,카페디저트,19,0,6100.0,4745.1612903225805,25,155,0
초등,카페디저트,20,1,4125.0,4310.661764705882,20,272,0
중등,분식,15,5,4950.0,3679.663608562691,20,654,1
고등,분식,15,0,6423.076923076923,3644.4444444444443,13,945,1
중등,카페디저트,18,0,6976.190476190476,5112.244897959184,21,98,0
중등,카페디저트,19,1,6910.526315789473,5090.909090909091,19,33,0
중등,정육점,15,1,6041.666666666667,9229.05027932961,24,179,1
중등,분식,19,2,5718.75,4028.1293952180026,16,711,1
중등,카페디저트,16,6,5838.709677419355,3925.925925925926,31,81,0
고등,양식,13,4,7312.5,9834.82142857143,32,112,0
초등,분식,18,1,4405.882352941177,4740.116279069767,17,860,0
초등,양식,12,5,6532.258064516129,8378.881987577639,31,161,1
초등,일식,16,5,7738.0952380952385,10448.795180722891,21,166,0
고등,한식,12,1,8100.0,7569.583931133429,15,697,0
고등,분식,20,4,6485.0,3723.9077669902913,20,824,1
초등,패스트푸드,13,0,5875.0,5375.0,16,788,1
초등,베이커리,15,3,6208.333333333333,4629.201680672269,24,476,0
중등,카페디저트,18,2,5307.692307692308,4387.921653971708,13,919,0
고등,카페디저트,18,1,5842.857142857143,4745.1612903225805,35,155,1
중등,한식,16,5,7500.0,9762.295081967213,14,305,1
중등,분식,17,3,6647.058823529412,5343.373493975903,17,249,0
중등,중식당,16,1,7120.0,8169.4915254237285,15,177,0
중등,분식,18,0,5277.777777777777,3644.4444444444443,18,945,1
기타,한식,13,3,5552.631578947368,11593.103448275862,19,145,1
초등,한식,16,1,6740.0,9280.346820809249,25,173,0
초등,분식,15,4,6023.809523809524,4881.4387211367675,21,1126,0
초등,카페디저트,12,5,5000.0,4672.413793103448,19,87,1
중등,한식,17,0,6000.0,9967.548076923076,22,416,1
초등,분식,18,0,5911.764705882353,4881.4387211367675,17,1126,1
초등,카페디저트,16,6,5923.076923076923,4847.540983606557,13,305,1
중등,일식,20,1,6361.111111111111,11401.960784313726,18,408,0
중등,분식,12,3,6281.25,3634.8039215686276,16,204,1
고등,양식,20,3,7190.476190476191,9363.436123348018,21,227,1
고등,중식,12,5,5931.818181818182,8017.857142857143,22,28,0
초등,베이커리,16,2,5555.555555555556,4479.619565217391,9,368,1
초등,분식,7,2,5650.0,3927.2197962154296,30,687,0
초등,베이커리,16,1,6117.64705882353,3131.8289786223277,17,421,1
고등,한식,18,4,6722.222222222223,10091.836734693878,18,98,0
고등,일식,17,1,8954.545454545454,8567.796610169491,22,531,1
고등,분식,19,5,7166.666666666667,3881.5261044176705,21,1245,1
중등,일식,15,1,6250.0,9970.383275261323,16,287,1
중등,카페디저트,19,5,8269.23076923077,4310.661764705882,13,272,0
중등,분식,15,4,5314.814814814815,5468.646864686469,27,303,0
초등,베이커리,15,5,3384.6153846153848,3077.039274924471,13,331,0
초등,분식,17,5,6293.103448275862,3634.8039215686276,29,204,1
초등,카페디저트,16,2,8277.777777777777,5808.1841432225065,9,782,1
중등,한식,18,4,6066.666666666667,12027.60736196319,15,163,1
고등,분식,17,4,7687.5,4471.518987341772,16,158,1
고등,일식,18,4,6440.0,9072.745901639344,25,488,1
초등,베이커리,15,4,4912.5,4479.619565217391,24,368,0
초등,분식,16,6,5500.0,5343.373493975903,23,249,0
고등,카페디저트,19,3,8300.0,4310.661764705882,14,272,1
초등,패스트푸드,16,0,5958.333333333333,8250.0,36,678,0
중등,패스트푸드,16,1,5173.913043478261,5920.833333333333,23,480,1
초등,카페디저트,8,1,4576.923076923077,3795.343137254902,26,408,1
초등,프렌차이즈,16,0,6470.588235294118,7868.9655172413795,17,145,1
고등,양식,18,0,8027.777777777777,12234.782608695652,18,115,1
초등,베이커리,16,5,5252.631578947368,3462.280701754386,19,342,0
기타,한식,13,4,6925.0,9896.396396396396,20,111,0
고등,중식,18,1,8448.275862068966,10725.490196078432,29,51,1
중등,한식,19,0,6425.925925925926,9072.319201995013,27,401,0
초등,일식,15,6,10107.142857142857,8641.509433962265,14,530,1
고등,일식,19,4,7523.809523809524,8706.697459584295,21,433,0
중등,카페디저트,12,3,7383.333333333333,5026.785714285715,30,112,1
중등,일식,20,4,5600.0,7660.714285714285,20,84,0
초등,한식,15,4,7267.857142857143,9986.348122866893,28,293,1
중등,카페디저트,12,2,6120.689655172414,5498.251748251748,29,286,1
초등,분식,7,0,4785.714285714285,3845.3237410071943,14,278,0
기타,한식,12,2,8052.631578947368,9771.739130434782,19,92,1
고등,분식,19,6,7307.692307692308,4002.249718785152,13,889,1
초등,베이커리,12,6,4772.727272727273,3077.039274924471,11,331,0
고등,카페디저트,17,0,9269.23076923077,5557.142857142857,13,245,1
초등,편의점,17,4,4657.894736842105,2597.3154362416108,19,298,0
초등,카페디저트,16,3,5147.058823529412,4238.993710691824,17,318,1
초등,한식,16,0,5980.7692307692305,9441.176470588236,26,85,0
고등,분식,20,2,6000.0,4187.5,10,248,1
중등,분식,8,6,5352.941176470588,5007.751937984496,17,516,0
중등,한식,16,3,7431.0344827586205,8570.093457943925,29,107,0
초등,중식,17,0,8105.263157894737,12250.76923076923,19,325,1
초등,패스트푸드,15,5,6961.538461538462,7265.306122448979,13,392,0
중등,일식,18,3,5562.5,10000.0,8,76,0
고등,일식,20,6,7200.0,7761.290322580645,15,775,1
초등,카페디저트,16,0,5600.0,4387.921653971708,10,919,1
중등,분식,16,6,6796.2962962962965,4471.518987341772,27,158,1
초등,베이커리,8,4,5678.571428571428,3952.5547445255474,28,137,0
고등,카페디저트,20,6,9300.0,4520.992366412213,10,262,0
초등,패스트푸드,15,1,5191.428571428572,8526.073619631901,35,326,1
중등,중식,18,6,8263.157894736842,12948.57142857143,19,175,1
중등,양식,16,3,6053.571428571428,8778.032036613273,28,437,0
고등,중식,16,0,7416.666666666667,8033.56890459364,24,283,1
중등,분식,17,3,5916.666666666667,4821.808510638298,30,188,1
중등,카페디저트,19,6,5814.814814814815,4974.885844748858,27,219,0
고등,한식,18,1,7194.117647058823,8454.022988505747,34,87,0
중등,분식,12,5,7913.793103448276,4314.528593508501,29,647,1
고등,베이커리,12,3,8411.764705882353,5600.0,17,355,1
중등,베이커리,16,5,7000.0,4627.9826464208245,22,461,1
중등,카페디저트,16,1,7833.333333333333,6629.56204379562,21,274,1
기타,한식,17,2,7546.875,9280.346820809249,32,173,1
중등,분식,15,0,4860.0,4522.857142857143,25,525,1
고등,베이커리,17,3,5733.333333333333,5037.313432835821,15,402,1
고등,카페디저트,8,1,5583.333333333333,4875.0,24,308,0
초등,카페디저트,16,5,7777.777777777777,5808.1841432225065,9,782,1
초등,베이커리,18,4,4960.0,5710.601719197708,25,349,0
고등,카페디저트,16,5,7500.0,5498.251748251748,17,286,0
고등,베이커리,19,2,7700.0,4262.962962962963,20,405,0
중등,분식,19,4,6470.37037037037,4740.116279069767,27,860,0
고등,일식,16,0,7266.666666666667,10552.910052910052,15,189,0
초등,한식,15,0,5181.818181818182,8172.588832487309,22,197,1
중등,한식,16,4,8520.0,8503.246753246753,25,154,1
중등,패스트푸드,8,4,6823.529411764706,6192.37012987013,17,616,1
초등,분식,12,2,5814.814814814815,4434.306569343065,27,137,1
중등,한식,19,1,7285.714285714285,8328.947368421053,21,152,0
고등,한식,19,5,7480.0,9072.319201995013,25,401,0
초등,일식,15,6,9423.076923076924,12033.527696793002,13,343,1
중등,한식,17,4,7102.5641025641025,8547.79411764706,39,272,0
고등,한식,13,0,8361.111111111111,12000.0,18,78,0
고등,한식,17,2,9684.21052631579,9621.212121212122,19,132,1
중등,분식,18,2,5307.692307692308,3719.13835956918,13,1207,1
중등,일식,20,2,7666.666666666667,8501.557632398753,33,321,1
중등,아시안,12,2,7000.0,11086.538461538461,26,156,1
초등,패스트푸드,16,5,5571.428571428572,6192.37012987013,14,616,0
중등,카페디저트,16,3,6833.333333333333,4245.098039215686,27,357,0
중등,카페디저트,12,4,6431.818181818182,4325.949367088608,22,948,0
중등,분식,16,0,7125.0,4622.093023255814,8,258,0
기타,분식,19,4,7589.285714285715,2676.950998185118,28,551,1
고등,베이커리,13,4,8210.526315789473,4850.267379679144,19,187,1
초등,분식,13,4,4935.714285714285,3650.4854368932038,28,206,1
초등,한식,17,5,6522.727272727273,9255.681818181818,22,88,1
고등,분식,8,2,7532.258064516129,4002.249718785152,31,889,1
기타,한식,17,6,7904.761904761905,12355.555555555555,21,45,0
고등,한식,18,6,6540.0,8776.073619631901,25,163,0
초등,한식,8,4,6694.444444444444,8547.79411764706,18,272,1
고등,분식,16,4,5448.275862068966,3679.663608562691,29,654,1
초등,카페디저트,15,0,4530.0,4407.942238267148,10,277,1
고등,카페디저트,19,1,6645.833333333333,4365.384615384615,24,78,1
초등,편의점,16,3,3975.0,2568.3520599250937,32,534,0
초등,베이커리,19,6,5384.615384615385,5037.313432835821,13,402,1
중등,분식,12,2,6761.9047619047615,4028.1293952180026,21,711,1
초등,분식,15,5,4672.972972972973,4715.469613259668,37,181,0
고등,일식,18,3,7428.571428571428,11535.714285714286,21,56,0
초등,정육점,12,2,6857.142857142857,9229.05027932961,21,179,1
초등,분식,17,6,5700.0,5007.751937984496,20,516,0
초등,한식,12,4,6717.391304347826,9986.348122866893,23,293,1
고등,중식,15,4,7000.0,8267.313019390582,26,361,0
중등,분식,16,6,5333.333333333333,5007.751937984496,12,516,1
고등,카페디저트,13,1,8472.222222222223,4765.714285714285,18,175,0
고등,카페디저트,18,1,7983.333333333333,4930.513595166163,18,331,1
중등,카페디저트,20,6,7100.0,6053.846153846154,10,260,1
중등,일식,12,4,6576.923076923077,10548.429319371728,13,382,0
중등,한식,17,1,6409.090909090909,9311.32075471698,11,53,1
초등,일식,15,0,6906.25,9888.888888888889,16,54,0
중등,카페디저트,17,3,5789.473684210527,4020.0,19,275,0
중등,분식,16,2,6975.0,3634.8039215686276,20,204,1
초등,베이커리,17,3,4565.217391304348,3551.912568306011,23,183,0
기타,한식,7,5,6940.0,9072.319201995013,25,401,1
초등,일식,15,3,5711.538461538462,8928.315412186379,26,279,1
초등,중식,15,0,6675.0,8142.011834319526,20,169,1
중등,패스트푸드,16,6,7025.0,7644.827586206897,20,145,1
기타,일식,15,1,6296.2962962962965,8928.315412186379,27,279,1
고등,카페디저트,17,5,8233.333333333334,4335.365853658536,15,164,0
고등,카페디저트,15,4,8463.636363636364,5173.031496062992,11,508,0
초등,한식,16,6,6357.142857142857,10202.380952380952,21,126,0
중등,일식,15,0,7250.0,10895.522388059702,28,67,1
중등,일식,18,0,7187.5,13418.560606060606,16,264,0
초등,베이커리,15,2,4629.166666666667,3351.1226252158895,24,579,1
고등,한식,13,6,6433.333333333333,8009.708737864078,30,103,1
초등,베이커리,16,6,5147.058823529412,3077.039274924471,17,331,1
중등,카페디저트,18,4,7214.285714285715,6502.551020408163,14,196,1
중등,한식,13,0,6057.692307692308,7087.786259541985,26,262,1
고등,카페디저트,17,3,7423.076923076923,4325.949367088608,13,948,0
중등,분식,12,0,5604.166666666667,4028.1293952180026,24,711,0
중등,카페디저트,13,3,6029.411764705882,5360.429447852761,17,326,0
초등,한식,15,4,6540.909090909091,8454.022988505747,22,87,1
초등,중식,15,1,6634.615384615385,8616.666666666666,26,450,1
초등,베이커리,16,6,4578.9473684210525,2296.352583586626,19,329,1
초등,베이커리,16,5,5131.578947368421,3775.4820936639117,19,363,0
중등,한식,17,5,5727.272727272727,9128.57142857143,22,105,1
중등,일식,15,2,6369.565217391304,9072.745901639344,23,488,1
초등,패스트푸드,12,6,5406.25,8250.0,32,678,0
초등,베이커리,16,5,5500.0,4549.82206405694,13,281,0
초등,한식,13,2,5574.074074074074,9761.538461538461,27,65,0
초등,편의점,12,2,4161.9047619047615,2568.3520599250937,21,534,1
중등,분식,15,0,4705.263157894737,5954.397394136808,19,307,0
중등,분식,18,6,4500.0,4028.1293952180026,21,711,0
고등,분식,19,1,6545.454545454545,5227.064220183486,33,218,1
중등,중식,15,3,8333.333333333334,12948.57142857143,6,175,1
초등,분식,16,3,6140.0,4876.344086021505,25,186,0
초등,편의점,16,4,5630.434782608696,2597.3154362416108,23,298,0
고등,마트,16,5,7147.058823529412,5222.323049001815,17,551,1
중등,기타,18,6,8423.076923076924,7552.631578947368,13,152,1
초등,한식,7,2,7118.75,8117.924528301887,16,106,1
초등,베이커리,16,4,5735.294117647059,5600.0,17,355,1
중등,카페디저트,8,6,6166.666666666667,4495.575221238938,18,113,0
중등,카페디저트,16,6,5818.181818181818,4387.921653971708,22,919,1
기타,베이커리,12,1,4586.363636363636,4008.108108108108,22,185,1
초등,베이커리,15,2,4382.35294117647,3077.039274924471,17,331,0
중등,한식,17,6,8571.42857142857,8111.328125,14,256,1
중등,패스트푸드,12,0,6442.307692307692,8250.0,26,678,0
고등,한식,17,5,8636.363636363636,10377.272727272728,22,110,0
고등,한식,18,2,8642.857142857143,9280.346820809249,14,173,0
고등,분식,15,5,5708.333333333333,3679.663608562691,12,654,1
고등,분식,18,4,5113.636363636364,3679.663608562691,22,654,1
중등,패스트푸드,17,6,6500.0,5375.0,18,788,0
중등,한식,19,3,8957.894736842105,8111.328125,19,256,0
고등,카페디저트,19,1,4938.461538461538,2656.5891472868216,13,258,0
고등,카페디저트,17,1,6419.354838709677,4801.003344481605,31,299,0
고등,베이커리,19,3,6016.666666666667,4549.82206405694,30,281,1
초등,분식,16,1,5216.666666666667,3735.9813084112147,30,214,1
중등,패스트푸드,17,1,7384.615384615385,8250.0,13,678,0
고등,양식,17,1,6941.176470588235,9150.0,17,60,0
초등,분식,16,2,4175.0,4756.965944272446,20,323,0
초등,중식,12,4,6977.272727272727,7112.359550561798,22,89,1
중등,분식,16,2,7346.153846153846,4756.965944272446,13,323,0
초등,분식,8,1,5138.888888888889,4171.130952380952,18,336,0
초등,일식,17,5,6333.333333333333,10056.338028169013,27,71,1
고등,한식,8,0,8195.652173913044,8207.692307692309,23,65,1
고등,카페디저트,18,6,7437.5,3245.4545454545455,16,110,0
고등,중식,16,4,6882.35294117647,8028.761061946902,17,226,0
초등,마트,15,4,6525.0,6404.891304347826,20,184,1
초등,편의점,16,6,3641.176470588235,2069.8234349919744,17,623,0
초등,한식,15,4,5111.111111111111,7087.786259541985,27,262,0
중등,분식,13,5,6340.0,4187.5,25,248,0
기타,아시안,8,2,4928.125,8339.506172839507,32,81,1
고등,카페디저트,19,2,6705.0,5107.142857142857,20,56,1
중등,일식,19,3,6240.0,9072.745901639344,25,488,1
고등,카페디저트,19,4,7000.0,6053.846153846154,28,260,0
중등,아시안,12,2,6222.222222222223,8339.506172839507,27,81,1
중등,카페디저트,17,0,7217.64705882353,5173.031496062992,17,508,0
초등,카페디저트,16,4,5880.0,5433.823529411765,25,68,0
중등,카페디저트,12,3,6527.777777777777,5152.866242038216,18,157,0
고등,카페디저트,17,3,7500.0,4787.465940054496,17,367,0
중등,한식,15,3,5120.833333333333,8881.31313131313,24,198,0
중등,분식,13,5,6730.7692307692305,3735.9813084112147,26,214,0
고등,중식,15,4,7455.0,8329.545454545454,20,176,0
고등,카페디저트,15,2,7416.666666666667,4387.921653971708,24,919,1
중등,일식,16,0,7136.363636363636,11401.960784313726,22,408,0
초등,패스트푸드,13,4,6000.0,7265.306122448979,18,392,0
고등,양식,17,6,7233.333333333333,9142.857142857143,15,98,0
중등,일식,12,1,6961.538461538462,8273.255813953489,13,86,0
초등,베이커리,16,0,6090.909090909091,3603.6585365853657,22,164,1
중등,일식,12,0,6854.545454545455,9296.774193548386,11,155,0
고등,한식,12,4,6613.636363636364,8454.022988505747,22,87,1
초등,베이커리,16,1,5340.909090909091,3208.029197080292,22,137,0
초등,분식,17,5,5176.470588235294,4002.249718785152,34,889,1
중등,카페디저트,16,6,6611.111111111111,4387.921653971708,18,919,0
초등,한식,15,3,5785.714285714285,7569.583931133429,21,697,1
초등,카페디저트,16,6,5400.0,3553.054662379421,20,311,1
중등,분식,13,0,6769.2307692307695,5343.373493975903,26,249,0
고등,카페디저트,12,6,5740.0,4539.156626506024,25,332,0
고등,한식,16,6,8184.210526315789,8111.328125,19,256,0
중등,마트,17,5,5571.428571428572,6404.891304347826,14,184,1
고등,카페디저트,13,2,7575.0,4225.490196078431,20,255,1
고등,마트,8,0,7368.421052631579,5222.323049001815,19,551,1
중등,분식,15,3,5178.571428571428,4370.192307692308,14,208,0
중등,분식,16,0,6140.0,3881.5261044176705,25,1245,1
고등,한식,19,5,7825.0,12000.0,20,11,0
초등,분식,20,1,3738.4615384615386,4495.145631067961,13,206,0
초등,분식,12,4,7220.833333333333,4837.912087912088,24,364,0
중등,일식,20,6,6850.0,7761.290322580645,20,775,0
고등,한식,18,5,6344.827586206897,8182.5842696629215,29,178,1
초등,분식,16,0,4462.962962962963,4028.1293952180026,27,711,0
고등,일식,12,6,8125.0,13418.560606060606,12,264,0
고등,한식,9,5,6388.888888888889,7569.583931133429,27,697,1
기타,베이커리,12,4,7062.5,5550.802139037433,16,187,1
중등,일식,19,0,8571.42857142857,10314.814814814816,14,135,1
중등,아시안,15,5,7650.0,11327.586206896553,20,29,1
중등,카페디저트,19,2,7416.666666666667,5012.3456790123455,24,81,0
중등,베이커리,16,6,7425.0,5550.802139037433,20,187,0
초등,베이커리,15,1,5263.888888888889,4143.6781609195405,36,174,0
초등,한식,12,2,5954.545454545455,8985.59670781893,11,243,1
초등,카페디저트,12,3,5464.285714285715,3795.343137254902,14,408,0
초등,한식,8,6,6962.962962962963,9986.348122866893,27,293,0
중등,베이커리,16,5,5736.8421052631575,4549.82206405694,19,281,1
중등,카페디저트,16,5,4434.782608695652,3930.851063829787,23,94,1
고등,한식,16,5,7625.0,9760.869565217392,24,69,1
중등,카페디저트,17,2,4909.090909090909,4520.992366412213,11,262,1
중등,한식,17,0,6250.0,9441.176470588236,10,85,1
초등,분식,18,0,3617.6470588235293,3679.663608562691,17,654,1
고등,한식,20,1,6777.777777777777,9051.28205128205,18,234,1
고등,편의점,12,5,6285.714285714285,2568.3520599250937,14,534,1
초등,베이커리,16,5,6177.419354838709,5097.744360902256,31,266,0
고등,한식,19,3,5842.857142857143,9760.869565217392,35,69,0
중등,베이커리,17,6,4562.5,4549.82206405694,16,281,1
기타,카페디저트,19,3,8416.666666666666,3870.0,24,100,0
초등,분식,12,4,6800.0,3881.5261044176705,10,1245,0
중등,한식,16,3,8000.0,10573.170731707318,16,41,1
기타,카페디저트,7,2,5078.125,4020.0,32,275,0
고등,한식,15,2,9593.75,9967.548076923076,32,416,1
초등,베이커리,15,4,6500.0,2909.365558912387,16,331,0
초등,베이커리,15,0,5134.615384615385,3131.8289786223277,26,421,1
초등,양식,12,0,5222.222222222223,8544.262295081968,27,610,1
기타,카페디저트,13,1,6071.428571428572,3925.925925925926,28,81,0
초등,카페디저트,12,3,4913.793103448276,4232.9059829059825,29,234,1
초등,베이커리,15,0,5153.846153846154,2896.6244725738397,26,237,0
초등,패스트푸드,8,5,5550.0,8526.073619631901,24,326,1
고등,카페디저트,18,5,7578.9473684210525,4106.896551724138,19,290,0
기타,분식,15,5,5294.736842105263,3723.9077669902913,19,824,1
중등,한식,17,3,8092.592592592592,13895.348837209302,27,43,1
고등,베이커리,18,5,5696.875,3235.8288770053477,32,187,1
고등,카페디저트,16,2,6166.666666666667,5173.031496062992,27,508,1
초등,분식,20,3,5850.0,3881.5261044176705,10,1245,0
중등,한식,18,5,7124.0,8640.30612244898,25,196,1
고등,일식,18,4,7642.857142857143,7761.290322580645,21,775,1
고등,일식,18,2,7586.206896551724,7761.290322580645,29,775,0
초등,베이커리,15,3,4363.636363636364,4479.619565217391,11,368,0
고등,기타,19,2,8142.857142857143,7528.735632183908,28,87,1
초등,분식,20,3,7118.75,4837.912087912088,16,364,1
고등,중식,18,5,8375.0,10270.833333333334,20,216,0
중등,한식,17,6,6526.315789473684,9064.516129032258,19,279,1
고등,카페디저트,20,6,7983.333333333333,4862.416107382551,18,298,1
중등,카페디저트,17,1,4777.777777777777,4847.540983606557,18,305,1
고등,카페디저트,20,4,7327.586206896552,4539.156626506024,29,332,1
중등,카페디저트,12,3,6410.714285714285,4801.003344481605,28,299,1
초등,베이커리,13,2,5789.473684210527,4629.201680672269,19,476,1
초등,패스트푸드,8,0,7050.0,6192.37012987013,20,616,0
초등,카페디저트,17,4,8607.142857142857,5808.1841432225065,14,782,1
중등,일식,13,1,6854.545454545455,10314.814814814816,11,135,0
고등,일식,19,6,6761.9047619047615,9789.0625,21,128,0
초등,카페디저트,16,2,4550.0,6429.203539823009,20,226,1
초등,베이커리,12,5,5833.333333333333,5123.076923076923,27,195,0
고등,카페디저트,15,3,9823.529411764706,4539.787798408488,17,377,0
초등,분식,16,3,4365.517241379311,3650.4854368932038,29,206,0
중등,분식,12,1,6357.142857142857,3881.5261044176705,21,1245,1
초등,한식,15,2,6583.333333333333,9072.319201995013,18,401,1
초등,양식,13,3,6264.285714285715,9142.857142857143,14,98,1
중등,양식,12,5,8078.9473684210525,9716.04938271605,19,81,0
초등,한식,17,2,6960.0,8547.79411764706,25,272,0
초등,베이커리,8,4,6346.153846153846,4850.267379679144,26,187,0
초등,중식,15,2,5517.857142857143,6912.5,28,80,1
초등,분식,16,5,4477.272727272727,5007.751937984496,22,516,0
고등,양식,15,2,9035.714285714286,8378.881987577639,14,161,0
고등,한식,12,1,6428.571428571428,9559.171597633136,14,169,0
중등,한식,12,0,6535.714285714285,8881.818181818182,28,55,1
초등,분식,8,1,3960.0,4622.093023255814,20,258,1
초등,기타,13,4,4035.714285714286,7552.631578947368,14,152,1
초등,분식,12,2,3325.0,4740.116279069767,24,860,0
중등,중식,19,3,7020.833333333333,8520.0,24,75,1
초등,베이커리,12,2,5335.4838709677415,4483.957219251337,31,187,0
고등,일식,12,5,7923.076923076923,9308.743169398907,26,183,0
고등,한식,9,6,7196.428571428572,9967.548076923076,28,416,1
고등,카페디저트,17,0,8781.25,5808.1841432225065,16,782,1
초등,분식,16,2,7227.272727272727,3719.13835956918,11,1207,0
고등,중식,20,1,6500.0,8500.0,14,29,0
초등,한식,15,5,6968.75,9072.319201995013,16,401,1
초등,분식,17,5,6421.0526315789475,4522.857142857143,19,525,0
초등,분식,17,6,6156.25,3634.8039215686276,32,204,1
초등,카페디저트,19,1,6671.875,4734.375,32,160,1
초등,분식,12,6,6433.333333333333,5468.646864686469,30,303,0
중등,분식,18,6,6595.238095238095,4002.249718785152,21,889,1
고등,카페디저트,19,4,9354.166666666666,4974.885844748858,24,219,0
고등,한식,19,5,7320.0,7951.612903225807,15,217,0
기타,분식,12,5,6386.206896551724,4740.116279069767,29,860,0
초등,한식,16,5,6961.538461538462,10445.054945054944,13,91,1
고등,한식,20,0,6708.333333333333,8985.59670781893,12,243,0
중등,양식,7,5,6138.888888888889,8544.262295081968,18,610,1
초등,카페디저트,8,3,4636.363636363636,3795.343137254902,11,408,1
중등,분식,16,1,6275.0,3719.13835956918,20,1207,0
중등,패스트푸드,17,4,6772.727272727273,8250.0,22,678,0
고등,카페디저트,12,2,9264.70588235294,4238.993710691824,17,318,1
초등,한식,12,3,6052.631578947368,7569.583931133429,19,697,1
중등,카페디저트,16,4,6750.0,4325.949367088608,20,948,1
초등,베이커리,15,6,5428.571428571428,4850.267379679144,14,187,0
고등,중식,19,5,7269.2307692307695,9441.176470588236,13,85,0
초등,베이커리,16,5,4973.684210526316,4580.168776371308,19,237,1
초등,카페디저트,18,0,4290.0,4862.416107382551,10,298,1
고등,한식,18,5,7477.272727272727,8985.59670781893,22,243,0
중등,일식,16,1,6280.0,8567.796610169491,15,531,0
중등,정육점,17,4,6041.666666666667,9229.05027932961,24,179,1
중등,일식,18,4,6454.545454545455,9970.383275261323,22,287,1
고등,한식,19,6,9600.0,7951.612903225807,20,217,1
중등,카페디저트,15,0,6772.727272727273,5012.3456790123455,22,81,0
초등,분식,17,0,5850.0,2676.950998185118,10,551,0
고등,카페디저트,20,5,8023.809523809524,4129.62962962963,21,81,0
중등,분식,16,2,4950.0,3679.663608562691,20,654,1
초등,분식,16,4,4288.461538461538,4522.857142857143,26,525,0
고등,카페디저트,17,5,8425.925925925925,5500.0,27,109,1
초등,베이커리,15,2,5795.454545454545,5710.601719197708,22,349,0
초등,일식,15,2,8875.0,8641.509433962265,8,530,1
초등,한식,16,3,5044.444444444444,8881.31313131313,27,198,1
기타,한식,12,4,7596.153846153846,9064.516129032258,26,279,1
중등,패스트푸드,16,2,7173.076923076923,5375.0,26,788,1
고등,베이커리,19,5,5354.166666666667,3603.6585365853657,24,164,1
중등,중식,15,6,6461.111111111111,7748.5207100591715,18,169,1
초등,분식,12,1,6500.0,4028.1293952180026,16,711,1
고등,카페디저트,17,6,6711.111111111111,2656.5891472868216,18,258,0
초등,일식,19,6,7937.5,9970.383275261323,16,287,0
초등,한식,17,6,5960.0,9541.07142857143,25,280,0
초등,베이커리,20,6,4642.857142857143,4212.5,14,560,1
중등,일식,18,5,5795.454545454545,9812.5,22,136,1
초등,일식,19,6,5500.0,7761.290322580645,23,775,1
중등,카페디저트,15,4,5000.0,5090.909090909091,13,33,0
초등,패스트푸드,15,0,5500.0,8250.0,15,678,0
초등,분식,17,6,5002.857142857143,3505.61797752809,35,178,0
중등,카페디저트,16,3,6980.0,4232.9059829059825,25,234,1
중등,카페디저트,12,2,6022.222222222223,3299.2700729927005,18,137,0
초등,분식,15,1,4103.333333333333,4740.116279069767,30,860,0
초등,카페디저트,12,3,5708.333333333333,3245.4545454545455,24,110,1
고등,카페디저트,12,2,5350.0,4801.003344481605,20,299,1
중등,카페디저트,16,6,7023.809523809524,3843.5374149659865,21,147,0
고등,분식,13,5,7484.848484848485,3927.2197962154296,33,687,1
고등,양식,13,6,7423.076923076923,9363.436123348018,26,227,1
고등,카페디저트,17,1,7392.857142857143,4680.0,14,125,0
초등,카페디저트,16,5,4540.909090909091,4407.942238267148,22,277,1
초등,분식,18,0,5976.923076923077,3723.9077669902913,13,824,0
초등,일식,15,1,6233.333333333333,13418.560606060606,15,264,1
중등,한식,15,6,7500.0,10377.272727272728,12,110,1
초등,한식,15,5,6025.0,8264.102564102564,20,195,0
기타,한식,13,2,7384.615384615385,8640.30612244898,13,196,0
고등,일식,17,4,8240.0,7761.290322580645,25,775,0
초등,베이커리,12,4,5660.869565217391,4479.619565217391,23,368,0
고등,한식,16,3,8452.380952380952,8934.782608695652,21,46,1
고등,베이커리,16,6,6071.428571428572,4212.5,21,560,1
초등,분식,18,5,4223.809523809524,4740.116279069767,21,860,0
고등,한식,18,4,7843.75,9072.319201995013,32,401,1
중등,카페디저트,17,0,5431.0344827586205,3795.343137254902,29,408,1
고등,일식,19,3,8119.047619047619,11978.632478632479,21,117,0
초등,베이커리,12,4,4437.5,3131.8289786223277,16,421,1
초등,패스트푸드,12,5,5625.0,7265.306122448979,16,392,0
초등,카페디저트,15,4,5576.923076923077,4387.921653971708,13,919,0
고등,한식,18,6,8205.882352941177,9296.296296296296,17,54,1
중등,한식,19,2,6875.0,8182.5842696629215,16,178,1
초등,편의점,16,4,4103.333333333333,2069.8234349919744,30,623,0
중등,아시안,12,6,6966.666666666667,11051.28205128205,15,117,0
초등,한식,15,3,5464.285714285715,8985.59670781893,14,243,1
중등,일식,12,6,8694.444444444445,9099.439775910365,18,357,0
고등,양식,12,2,8340.90909090909,10600.0,22,15,1
초등,분식,18,6,4935.714285714285,3505.61797752809,28,178,0
초등,베이커리,16,6,7454.545454545455,4903.409090909091,11,88,1
초등,베이커리,12,4,6428.571428571428,3077.039274924471,14,331,0
초등,일식,13,5,7000.0,8641.509433962265,6,530,1
초등,베이커리,17,3,5693.548387096775,3131.8289786223277,31,421,0
중등,일식,16,2,6665.384615384615,8567.796610169491,26,531,1
고등,한식,16,3,9300.0,8138.1578947368425,15,76,1
중등,패스트푸드,12,6,5934.782608695652,5375.0,23,788,1
초등,분식,17,4,6137.931034482759,4881.4387211367675,29,1126,0
중등,베이커리,18,1,4920.588235294118,3351.1226252158895,34,579,1
고등,중식,17,1,8142.857142857143,10055.86592178771,14,179,1
고등,카페디저트,19,3,7157.894736842105,4564.417177914111,19,326,1
중등,패스트푸드,15,5,6160.0,5375.0,25,788,1
중등,베이커리,12,2,5600.0,4579.326923076923,10,208,1
고등,베이커리,17,4,6800.0,4627.9826464208245,30,461,1
초등,분식,16,3,4273.913043478261,4740.116279069767,23,860,1
고등,중식,19,5,7500.0,8028.761061946902,22,226,1
초등,패스트푸드,15,2,5133.333333333333,5375.0,15,788,1
초등,베이커리,15,0,5596.153846153846,3952.5547445255474,26,137,0
중등,패스트푸드,19,5,6210.526315789473,5375.0,19,788,0
초등,한식,16,5,4828.571428571428,8111.328125,21,256,1
중등,베이커리,18,4,7269.2307692307695,4629.201680672269,13,476,0
중등,카페디저트,16,4,6120.0,4325.949367088608,25,948,1
초등,분식,17,3,5472.222222222223,3634.8039215686276,18,204,0
중등,패스트푸드,12,3,6964.285714285715,5920.833333333333,14,480,0
고등,카페디저트,16,1,7642.857142857143,5433.823529411765,14,68,0
중등,분식,17,2,5727.272727272727,5468.646864686469,11,303,0
초등,양식,17,2,6666.666666666667,8544.262295081968,24,610,1
초등,편의점,12,0,4357.142857142857,2534.013605442177,21,294,0
중등,한식,8,3,4562.5,7087.786259541985,16,262,1
중등,한식,20,3,7961.538461538462,9061.83745583039,13,283,1
기타,한식,18,5,7090.909090909091,10561.40350877193,22,57,0
중등,카페디저트,16,5,5548.387096774193,4801.003344481605,31,299,0
중등,분식,17,0,5632.35294117647,3927.2197962154296,34,687,0
중등,카페디저트,13,2,4724.137931034483,4801.003344481605,29,299,0
중등,일식,19,0,6846.153846153846,9789.0625,13,128,1
고등,한식,16,1,8343.75,7976.525821596244,16,426,1
고등,한식,12,2,6344.827586206897,8182.5842696629215,29,178,1
고등,한식,20,5,8882.35294117647,7910.569105691057,17,123,0
초등,양식,9,5,5500.0,8378.881987577639,25,161,1
초등,분식,16,6,5392.857142857143,3719.13835956918,14,1207,1
고등,아시안,19,3,9208.333333333334,7682.692307692308,12,52,1
고등,한식,18,3,6710.526315789473,8182.5842696629215,19,178,1
중등,카페디저트,13,4,6660.0,4325.949367088608,25,948,1
고등,한식,20,6,7558.823529411765,8873.75415282392,17,301,1
초등,베이커리,8,3,5700.0,2643.076923076923,15,325,0
고등,카페디저트,18,4,8580.0,5808.1841432225065,25,782,1
초등,중식,15,2,6411.764705882353,8033.56890459364,17,283,0
중등,카페디저트,15,5,6789.473684210527,4325.949367088608,19,948,1
초등,베이커리,17,1,6595.238095238095,2909.365558912387,21,331,0
초등,분식,12,5,6789.473684210527,3723.9077669902913,19,824,0
초등,카페디저트,9,3,7093.75,5808.1841432225065,16,782,1
초등,일식,19,5,6052.631578947368,10548.429319371728,19,382,1
초등,베이커리,18,6,5685.185185185185,5600.0,27,355,0
중등,카페디저트,16,1,6583.333333333333,4787.465940054496,18,367,0
중등,카페디저트,17,4,4805.0,4310.661764705882,20,272,0
고등,정육점,18,2,8285.714285714286,9229.05027932961,14,179,1
고등,한식,18,0,7636.363636363636,9280.346820809249,11,173,1
초등,패스트푸드,12,6,5458.333333333333,5920.833333333333,24,480,0
중등,분식,12,1,5033.333333333333,3719.13835956918,15,1207,1
초등,한식,17,1,8428.57142857143,7905.857740585774,14,239,1
고등,중식,18,4,8821.42857142857,10006.666666666666,14,75,0
초등,베이커리,17,0,4717.391304347826,3553.8922155688624,23,167,0
기타,카페디저트,18,6,6375.0,5498.251748251748,20,286,1
중등,카페디저트,15,5,8807.692307692309,5808.1841432225065,13,782,1
초등,분식,17,2,5947.368421052632,3719.13835956918,19,1207,1
중등,분식,16,3,5033.333333333333,3719.13835956918,15,1207,1
고등,한식,17,3,7269.2307692307695,10983.870967741936,13,31,0
초등,한식,15,1,5557.142857142857,8375.0,35,84,1
초등,베이커리,17,1,3666.6666666666665,3235.8288770053477,21,187,0
초등,한식,16,0,5500.0,12015.625,26,32,1
고등,중식,18,5,7500.0,8267.313019390582,20,361,0
중등,일식,20,3,8423.076923076924,9099.439775910365,13,357,1
중등,일식,15,0,7568.9655172413795,8635.678391959798,29,199,1
초등,베이커리,17,4,3846.153846153846,2643.076923076923,13,325,0
중등,카페디저트,18,2,5533.333333333333,4801.003344481605,30,299,1
초등,분식,19,4,4595.0,4740.116279069767,20,860,0
초등,한식,8,2,6263.1578947368425,7264.619883040936,19,342,0
고등,한식,15,4,6750.0,9762.295081967213,26,305,1
초등,베이커리,12,0,4928.571428571428,5090.848806366048,14,754,0
고등,중식,18,5,9250.0,8267.313019390582,10,361,1
기타,한식,13,2,7289.473684210527,8264.102564102564,19,195,0
초등,카페디저트,17,2,5944.444444444444,5500.0,27,109,1
중등,카페디저트,17,4,7289.473684210527,4875.0,19,308,0
고등,베이커리,17,5,7783.333333333333,4627.9826464208245,30,461,1
중등,분식,12,0,6015.151515151515,3927.2197962154296,33,687,1
고등,카페디저트,16,1,5931.818181818182,3245.4545454545455,22,110,1
중등,분식,17,6,8092.592592592592,4881.4387211367675,27,1126,0
초등,한식,16,2,7231.818181818182,7951.612903225807,22,217,1
초등,한식,15,1,5586.95652173913,9441.176470588236,23,85,0
초등,한식,12,1,5187.5,8581.87134502924,32,171,1
초등,양식,16,2,6333.333333333333,9363.436123348018,24,227,0
초등,베이커리,18,3,5342.105263157895,5037.313432835821,19,402,0
중등,패스트푸드,19,1,6907.407407407408,5920.833333333333,27,480,0
중등,한식,13,1,8008.333333333333,12204.225352112677,12,71,1
초등,분식,17,0,6047.619047619048,4002.249718785152,21,889,1
초등,베이커리,17,1,4912.5,3462.280701754386,24,342,0
초등,편의점,17,6,4770.833333333333,2534.013605442177,24,294,0
고등,카페디저트,17,2,8593.75,5808.1841432225065,16,782,1
초등,한식,18,1,3961.5384615384614,9942.567567567568,26,148,0
초등,양식,8,5,7481.481481481482,8778.032036613273,27,437,1
초등,한식,15,0,6340.0,8933.92857142857,25,280,0
초등,분식,16,4,5638.888888888889,3723.9077669902913,18,824,1
중등,베이커리,17,2,6454.545454545455,4479.619565217391,11,368,1
고등,한식,19,2,8700.0,11064.220183486239,15,109,0
초등,아시안,19,1,7666.666666666667,10739.130434782608,9,23,1
고등,카페디저트,18,0,7074.074074074074,6053.846153846154,27,260,0
고등,정육점,12,3,8339.285714285714,9229.05027932961,28,179,1
중등,패스트푸드,19,2,6907.407407407408,5920.833333333333,27,480,0
초등,패스트푸드,15,1,4818.181818181818,5375.0,22,788,1
기타,중식,13,2,7145.833333333333,10006.666666666666,24,75,1
초등,패스트푸드,16,2,4413.793103448276,6192.37012987013,29,616,0
초등,분식,16,3,5206.896551724138,3634.8039215686276,29,204,1
중등,분식,7,1,5843.75,4622.093023255814,16,258,1
고등,한식,15,5,7321.428571428572,9967.548076923076,14,416,0
중등,한식,16,1,6120.0,7569.583931133429,25,697,1
중등,일식,16,1,7543.478260869565,11978.632478632479,23,117,0
초등,분식,12,3,5481.481481481482,3881.5261044176705,27,1245,1
중등,카페디저트,18,5,6036.111111111111,3299.2700729927005,36,137,0
중등,일식,15,1,5886.363636363636,7761.290322580645,22,775,1
고등,양식,20,5,8086.95652173913,11270.440251572327,23,159,0
고등,마트,13,5,9772.727272727272,7731.21387283237,11,173,1
중등,카페디저트,12,4,6883.333333333333,4495.575221238938,30,113,1
고등,카페디저트,16,0,6365.384615384615,4785.211267605634,26,142,1
중등,일식,20,1,7138.888888888889,9099.439775910365,18,357,0
중등,분식,16,6,6000.0,5954.397394136808,21,307,0
기타,카페디저트,8,2,5552.631578947368,5360.429447852761,19,326,0
중등,카페디저트,19,1,7327.586206896552,5154.320987654321,29,81,1
중등,분식,15,0,5475.0,3927.2197962154296,20,687,1
초등,베이커리,17,6,5300.0,3775.4820936639117,20,363,0
중등,베이커리,17,6,6555.555555555556,4549.82206405694,9,281,1
초등,분식,15,4,5636.363636363636,4881.4387211367675,11,1126,0
초등,베이커리,16,3,6730.7692307692305,2909.365558912387,13,331,0
중등,일식,16,6,6022.727272727273,10548.429319371728,22,382,1
고등,일식,16,0,7430.434782608696,10140.718562874252,23,167,0
고등,한식,19,2,7125.0,8503.246753246753,32,154,1
고등,패스트푸드,18,1,7916.666666666667,5953.91061452514,18,358,1
초등,분식,17,6,4759.259259259259,2676.950998185118,27,551,1
초등,한식,15,2,5435.4838709677415,12015.625,31,32,1
고등,일식,20,1,9416.666666666666,11291.666666666666,18,96,1
기타,한식,16,1,5973.684210526316,9621.212121212122,19,132,0
중등,카페디저트,13,3,8909.09090909091,6629.56204379562,11,274,0
중등,한식,15,0,7944.444444444444,9061.83745583039,18,283,0
고등,한식,20,6,8250.0,9559.171597633136,26,169,1
초등,한식,12,1,6500.0,9519.53125,9,128,0
고등,카페디저트,19,5,6351.851851851852,4539.156626506024,27,332,1
초등,아시안,17,5,4462.962962962963,9322.314049586777,27,121,1
초등,분식,17,4,7000.0,4314.528593508501,20,647,0
고등,중식,19,4,8307.692307692309,8033.56890459364,26,283,1
초등,패스트푸드,18,3,5600.0,8250.0,15,678,0
고등,카페디저트,20,5,6785.714285714285,4866.541353383459,14,266,0
초등,일식,13,5,6282.608695652174,11978.632478632479,23,117,1
기타,카페디저트,19,2,7382.35294117647,5941.605839416058,17,137,0
초등,마트,16,1,5642.857142857143,5222.323049001815,14,551,0
초등,일식,17,0,5111.111111111111,8928.315412186379,36,279,0
고등,베이커리,17,0,7304.347826086957,4262.962962962963,23,405,1
고등,양식,12,3,7982.142857142857,11524.390243902439,28,41,1
초등,한식,13,1,6288.461538461538,8933.92857142857,26,280,1
중등,일식,16,1,6807.692307692308,13418.560606060606,13,264,0
초등,베이커리,16,0,3961.5384615384614,2643.076923076923,26,325,1
중등,한식,17,2,6500.0,9541.07142857143,16,280,0
중등,분식,19,6,5000.0,4922.945205479452,23,292,0
초등,카페디저트,8,6,4700.0,5557.142857142857,15,245,0
고등,한식,8,3,8214.70588235294,8396.296296296296,34,135,1
고등,중식,18,0,7437.5,8500.0,16,29,0
중등,카페디저트,16,1,6058.823529411765,4564.417177914111,17,326,1
고등,카페디저트,12,0,8052.631578947368,2656.5891472868216,19,258,0
고등,양식,19,3,9150.0,11270.440251572327,20,159,1
초등,한식,18,5,6807.692307692308,10377.272727272728,13,110,1
초등,분식,15,6,4966.666666666667,4756.965944272446,15,323,0
고등,베이커리,19,0,6596.153846153846,5090.848806366048,26,754,1
초등,분식,18,5,7738.0952380952385,4314.528593508501,21,647,0
초등,분식,12,6,6448.275862068966,4756.965944272446,29,323,0
초등,베이커리,13,4,4127.272727272727,3351.1226252158895,11,579,0
초등,분식,12,3,5526.315789473684,5007.751937984496,19,516,1
초등,일식,15,1,5160.714285714285,10548.429319371728,28,382,1
초등,한식,16,1,5571.428571428572,10561.40350877193,14,57,0
초등,베이커리,18,6,5075.0,5090.848806366048,20,754,0
중등,패스트푸드,18,6,6883.333333333333,7265.306122448979,30,392,0
중등,분식,18,2,5458.333333333333,3881.5261044176705,12,1245,1
중등,일식,19,4,7835.294117647059,8567.796610169491,17,531,1
고등,분식,20,1,6551.724137931034,3679.663608562691,29,654,1
고등,카페디저트,20,3,6085.714285714285,5375.0,7,48,1
초등,일식,16,0,9590.90909090909,8641.509433962265,11,530,1
고등,분식,19,3,6500.0,3881.5261044176705,26,1245,1
초등,분식,17,2,5894.444444444444,3723.9077669902913,18,824,1
중등,한식,16,5,7000.0,10091.836734693878,20,98,0
중등,분식,20,1,5645.1612903225805,5343.373493975903,31,249,0
중등,한식,19,1,7027.777777777777,9986.348122866893,18,293,0
중등,일식,15,4,6839.285714285715,10552.910052910052,28,189,1
중등,중식,16,4,7294.444444444444,12451.612903225807,18,31,0
초등,카페디저트,12,3,8785.714285714286,5808.1841432225065,7,782,1
고등,베이커리,17,6,7000.0,5600.0,28,355,1
고등,베이커리,12,1,6738.0952380952385,4212.5,21,560,1
기타,한식,13,1,6021.739130434783,8955.696202531646,23,79,0
고등,한식,16,4,8115.384615384615,7264.619883040936,13,342,1
초등,베이커리,19,4,5078.125,3553.8922155688624,32,167,1
중등,분식,16,5,4782.608695652174,3719.13835956918,23,1207,0
고등,한식,15,1,7500.0,8170.103092783505,18,97,0
고등,한식,19,6,6761.9047619047615,8170.103092783505,21,97,0
초등,중식,16,2,4450.0,7112.299465240641,12,187,0
초등,카페디저트,17,3,3934.782608695652,4862.416107382551,23,298,1
중등,카페디저트,15,1,7129.166666666667,4482.456140350877,24,57,0
초등,카페디저트,16,6,5275.0,3930.851063829787,20,94,1
중등,마트,19,5,5934.782608695652,5222.323049001815,23,551,1
중등,카페디저트,15,6,5736.8421052631575,6244.68085106383,19,235,0
중등,카페디저트,17,0,5913.793103448276,4564.417177914111,29,326,0
초등,중식,17,1,6153.846153846154,8003.571428571428,13,140,0
중등,한식,13,0,7666.666666666667,8547.79411764706,33,272,1
초등,한식,16,2,6685.185185185185,8454.022988505747,27,87,1
중등,양식,16,3,8545.454545454546,9716.04938271605,22,81,1
고등,일식,8,0,8812.5,8641.509433962265,16,530,1
초등,양식,16,0,5931.818181818182,10614.285714285714,22,35,0
중등,카페디저트,12,1,5690.476190476191,5173.031496062992,21,508,1
중등,일식,20,3,8250.0,11945.454545454546,16,55,1
고등,양식,17,2,8083.333333333333,11270.440251572327,18,159,0
기타,카페디저트,17,4,6439.393939393939,3198.1132075471696,33,159,1
고등,한식,13,4,8181.818181818182,11409.09090909091,11,44,1
초등,카페디저트,16,1,4846.153846153846,4020.0,13,275,1
고등,카페디저트,18,3,7952.380952380952,5557.142857142857,21,245,1
중등,일식,13,1,6817.391304347826,8567.796610169491,23,531,0
초등,베이커리,15,5,4878.571428571428,4479.619565217391,14,368,0
중등,카페디저트,12,6,4468.75,3198.1132075471696,16,159,1
초등,한식,15,4,5044.444444444444,8111.328125,27,256,0
중등,카페디저트,17,2,5727.272727272727,4388.888888888889,33,90,1
중등,분식,17,3,6206.666666666667,3723.9077669902913,15,824,0
고등,한식,12,6,7000.0,8776.073619631901,28,163,1
고등,카페디저트,17,3,5925.925925925926,5152.866242038216,27,157,0
초등,베이커리,18,2,4362.068965517241,4479.619565217391,29,368,0
중등,중식,12,6,6363.636363636364,8267.313019390582,11,361,1
중등,분식,17,0,5940.0,3881.5261044176705,25,1245,0
초등,패스트푸드,12,0,4890.625,8250.0,32,678,0
고등,카페디저트,19,0,7105.263157894737,4225.490196078431,19,255,0
고등,일식,15,0,6911.764705882353,10548.429319371728,17,382,0
고등,양식,17,2,9264.70588235294,12017.241379310344,17,29,1
중등,기타,12,5,7366.666666666667,7552.631578947368,30,152,1
초등,분식,15,2,7413.04347826087,4837.912087912088,23,364,0
중등,양식,15,2,6795.454545454545,8544.262295081968,22,610,1
고등,카페디저트,19,5,7236.363636363636,2656.5891472868216,22,258,0
초등,분식,8,3,5833.333333333333,3845.3237410071943,15,278,0
초등,일식,13,2,6000.0,9099.439775910365,16,357,0
초등,양식,16,0,4875.0,8373.684210526315,16,95,1
초등,베이커리,15,2,5300.0,2896.6244725738397,25,237,0
고등,카페디저트,20,4,8380.0,5426.605504587156,25,109,1
초등,분식,16,2,6066.666666666667,4314.528593508501,30,647,0
중등,카페디저트,20,5,6026.315789473684,4387.921653971708,19,919,0
중등,분식,18,1,7464.285714285715,5954.397394136808,14,307,0
고등,카페디저트,18,6,6884.615384615385,4959.183673469388,13,98,0
초등,베이커리,16,0,6318.181818181818,5097.744360902256,22,266,0
초등,양식,7,6,5725.0,8378.881987577639,20,161,1
고등,일식,18,4,8615.384615384615,10000.0,13,76,1
중등,분식,16,2,5888.888888888889,4881.4387211367675,18,1126,1
중등,마트,18,1,6520.0,6404.891304347826,25,184,0
초등,패스트푸드,12,3,7192.307692307692,5920.833333333333,13,480,1
고등,양식,16,0,7307.692307692308,8544.262295081968,13,610,1
기타,베이커리,18,0,6200.0,3775.4820936639117,20,363,1
초등,분식,16,2,4464.285714285715,4881.4387211367675,14,1126,1
고등,카페디저트,18,4,7192.307692307692,6629.56204379562,26,274,1
중등,베이커리,16,1,6250.0,5097.744360902256,10,266,1
고등,일식,17,1,8241.379310344828,9970.383275261323,29,287,0
초등,카페디저트,17,0,4423.076923076923,3795.343137254902,26,408,1
고등,카페디저트,19,6,7428.571428571428,5183.098591549296,21,71,0
초등,양식,19,1,8321.42857142857,11528.03738317757,14,107,1
초등,양식,12,5,6982.608695652174,11862.068965517241,23,87,1
초등,베이커리,12,1,4038.4615384615386,3208.029197080292,13,137,0
고등,중식,17,6,7980.0,8616.666666666666,25,450,0
고등,한식,16,6,7153.846153846154,7087.786259541985,13,262,0
초등,마트,16,2,7136.363636363636,7731.21387283237,11,173,0
초등,베이커리,15,0,6433.333333333333,2896.6244725738397,30,237,0
고등,한식,15,0,7750.0,7880.5970149253735,10,67,1
고등,카페디저트,19,5,6352.941176470588,3245.4545454545455,17,110,0
고등,아시안,13,5,8396.551724137931,9322.314049586777,29,121,1
기타,한식,15,0,7545.454545454545,9762.295081967213,11,305,1
초등,패스트푸드,18,6,5725.0,8250.0,40,678,1
초등,분식,15,4,6078.9473684210525,3719.13835956918,19,1207,0
중등,일식,16,3,5727.272727272727,10895.522388059702,33,67,0
중등,패스트푸드,18,6,4894.736842105263,5920.833333333333,19,480,1
고등,카페디저트,17,0,10547.619047619048,5557.142857142857,21,245,0
초등,카페디저트,16,0,4875.0,4959.183673469388,24,98,1
초등,베이커리,12,4,5035.714285714285,3235.8288770053477,28,187,0
중등,분식,15,2,5704.545454545455,3719.13835956918,22,1207,0
초등,일식,15,1,6000.0,9099.439775910365,20,357,1
초등,분식,15,3,4600.0,4522.857142857143,35,525,1
초등,패스트푸드,12,1,3975.757575757576,5953.91061452514,33,358,0
고등,카페디저트,18,2,9236.363636363636,5173.031496062992,11,508,0
초등,분식,16,6,6375.0,3644.4444444444443,16,945,1
초등,편의점,16,5,6043.478260869565,2534.013605442177,23,294,0
중등,분식,13,2,5913.793103448276,4028.1293952180026,29,711,0
초등,카페디저트,17,1,6807.692307692308,5360.429447852761,13,326,1
중등,일식,12,0,7000.0,10046.875,26,64,0
초등,분식,13,4,6815.384615384615,4922.945205479452,26,292,0
초등,한식,12,4,4633.333333333333,7931.137724550898,15,167,0
중등,카페디저트,16,5,5931.818181818182,5173.031496062992,22,508,1
초등,베이커리,16,5,5600.0,3553.8922155688624,15,167,0
중등,일식,15,4,7704.545454545455,10873.015873015873,22,63,0
중등,카페디저트,16,5,7833.333333333333,6629.56204379562,21,274,1
중등,카페디저트,17,4,6300.0,4482.456140350877,15,57,1
중등,패스트푸드,17,4,7000.0,7265.306122448979,15,392,0
중등,베이커리,17,6,7950.0,4270.992366412213,20,131,0
초등,아시안,17,2,6080.952380952381,8003.90625,21,128,0
중등,카페디저트,19,2,7045.454545454545,4325.949367088608,22,948,0
중등,한식,15,5,7666.666666666667,9559.171597633136,33,169,0
중등,카페디저트,17,0,6200.0,5934.782608695652,20,138,0
초등,베이커리,8,1,5868.421052631579,4850.267379679144,19,187,0
중등,한식,16,0,6071.428571428572,8397.435897435897,14,39,1
고등,카페디저트,7,2,8200.0,5152.866242038216,20,157,0
초등,일식,17,4,5323.529411764706,9984.797297297297,17,296,1
중등,일식,16,2,7916.666666666667,11435.185185185184,18,108,1
초등,분식,12,0,4724.137931034483,3634.8039215686276,29,204,1
중등,기타,8,2,7675.0,7988.571428571428,20,175,0
초등,한식,17,6,5300.0,11750.0,25,18,0
초등,일식,16,6,4523.529411764706,8706.697459584295,34,433,1
초등,베이커리,16,6,6890.625,5123.076923076923,32,195,0
중등,한식,17,6,6333.333333333333,8179.245283018868,27,53,1
중등,카페디저트,15,3,4150.0,4106.896551724138,10,290,0
고등,중식,16,6,9823.529411764706,10270.833333333334,17,216,1
초등,베이커리,19,2,5410.714285714285,5090.848806366048,28,754,0
중등,중식,18,2,6571.428571428572,9441.176470588236,21,85,1
중등,일식,19,2,7000.0,9803.73831775701,16,214,0
초등,분식,17,5,5925.0,3719.13835956918,20,1207,0
고등,양식,17,4,6090.909090909091,11168.60465116279,11,172,0
중등,아시안,13,1,7125.0,8003.90625,8,128,1
초등,베이커리,15,3,5942.105263157895,3351.1226252158895,19,579,0
고등,마트,17,5,7458.333333333333,5222.323049001815,12,551,1
초등,패스트푸드,8,1,4757.692307692308,8526.073619631901,26,326,0
고등,베이커리,12,1,5363.636363636364,4212.5,11,560,1
중등,마트,16,6,7316.666666666667,7731.21387283237,30,173,0
기타,한식,15,5,6613.636363636364,8182.5842696629215,22,178,1
중등,한식,17,4,6711.538461538462,7264.619883040936,26,342,1
초등,한식,12,0,6962.962962962963,9986.348122866893,27,293,0
고등,패스트푸드,17,0,7321.428571428572,5920.833333333333,14,480,1
중등,카페디저트,19,4,6120.689655172414,5498.251748251748,29,286,1
중등,카페디저트,18,1,5200.0,4245.098039215686,25,357,0
고등,피자,12,0,5222.222222222223,7931.0344827586205,18,58,1
중등,카페디저트,12,5,5642.857142857143,5152.866242038216,14,157,1
초등,분식,17,0,6093.75,5468.646864686469,16,303,0
중등,분식,8,1,5875.0,3644.4444444444443,24,945,1
고등,카페디저트,19,6,7809.523809523809,4847.540983606557,21,305,1
초등,아시안,15,6,4692.857142857143,8339.506172839507,28,81,1
중등,베이커리,19,6,5411.764705882353,4212.5,17,560,1
중등,카페디저트,15,1,6318.181818181818,3245.4545454545455,11,110,0
고등,중식,18,6,7687.5,9441.176470588236,16,85,0
초등,분식,12,6,4772.727272727273,3927.2197962154296,33,687,1
초등,베이커리,15,3,6307.142857142857,4479.619565217391,14,368,0
중등,양식,18,3,8545.454545454546,9716.04938271605,22,81,1
초등,베이커리,17,1,5096.153846153846,2896.6244725738397,26,237,0
초등,분식,7,0,8021.0526315789475,4837.912087912088,19,364,0
초등,베이커리,12,0,7666.666666666667,5550.802139037433,9,187,0
초등,분식,15,0,6020.833333333333,5227.064220183486,24,218,1
고등,중식,16,5,7783.333333333333,8033.56890459364,30,283,0
초등,한식,16,0,4565.217391304348,8009.708737864078,23,103,0
초등,한식,13,0,5666.666666666667,8933.92857142857,12,280,0
중등,분식,17,3,6029.411764705882,5007.751937984496,17,516,1
초등,분식,17,3,5222.222222222223,3644.4444444444443,27,945,0
중등,베이커리,17,1,4500.0,3077.039274924471,15,331,1
초등,한식,15,1,6144.444444444444,8844.827586206897,18,29,0
중등,카페디저트,20,0,6880.952380952381,5498.251748251748,21,286,1
고등,한식,13,6,6100.0,7087.786259541985,20,262,0
초등,기타,16,2,6740.0,7988.571428571428,25,175,1
중등,분식,18,6,6527.777777777777,4756.965944272446,18,323,0
초등,분식,15,5,6857.142857142857,5007.751937984496,21,516,0
초등,분식,17,0,6500.0,3723.9077669902913,9,824,0
초등,분식,17,4,6800.0,3881.5261044176705,10,1245,0
기타,한식,12,5,6411.764705882353,9967.548076923076,34,416,1
중등,일식,15,1,6850.0,7761.290322580645,20,775,0
초등,분식,18,5,5553.333333333333,3723.9077669902913,30,824,0
초등,분식,16,2,5886.363636363636,4881.4387211367675,22,1126,0
초등,베이커리,16,2,4777.777777777777,3131.8289786223277,27,421,1
초등,카페디저트,17,1,5480.0,4564.417177914111,25,326,1
고등,분식,20,4,6500.0,3881.5261044176705,26,1245,1
기타,한식,17,2,6828.125,9986.348122866893,32,293,0
중등,한식,15,4,5789.473684210527,8328.947368421053,19,152,1
기타,한식,12,0,7347.826086956522,9981.481481481482,23,54,1
고등,일식,19,2,7400.0,9789.0625,20,128,1
중등,카페디저트,15,0,4500.0,4407.942238267148,9,277,1
초등,분식,12,1,5252.631578947368,4622.093023255814,19,258,1
고등,일식,17,0,8733.333333333334,8706.697459584295,15,433,0
초등,베이커리,15,1,4405.882352941177,3351.1226252158895,17,579,0
중등,한식,15,5,6566.666666666667,9072.319201995013,15,401,1
중등,카페디저트,18,0,7100.0,4238.993710691824,10,318,1
고등,중식,17,4,7642.857142857143,8028.761061946902,21,226,0
고등,한식,19,5,7982.142857142857,11409.09090909091,28,44,0
초등,베이커리,15,4,4223.809523809524,3351.1226252158895,21,579,0
초등,베이커리,19,5,4727.272727272727,4143.6781609195405,33,174,1
초등,베이커리,15,1,5400.0,5097.744360902256,20,266,1
고등,한식,19,4,8138.888888888889,8881.31313131313,18,198,0
중등,일식,12,1,9312.5,10140.718562874252,8,167,0
중등,카페디저트,17,0,7129.62962962963,4785.211267605634,27,142,0
기타,기타,12,4,7392.857142857143,7988.571428571428,14,175,1
초등,베이커리,16,3,4909.090909090909,3208.029197080292,22,137,1
중등,카페디저트,12,3,6120.689655172414,5498.251748251748,29,286,1
초등,카페디저트,18,4,8466.666666666666,5808.1841432225065,15,782,1
초등,베이커리,8,2,4925.0,4608.28025477707,20,314,0
고등,편의점,20,6,7428.571428571428,2597.3154362416108,21,298,1
중등,카페디저트,15,2,7423.076923076923,5375.0,13,48,0
고등,기타,19,4,7420.0,8118.343195266272,25,169,1
고등,일식,18,5,7620.689655172414,10408.695652173914,29,115,1
기타,분식,15,2,7260.869565217391,3719.13835956918,23,1207,0
고등,중식,18,5,8100.0,8329.545454545454,13,176,0
중등,베이커리,17,2,4500.0,3077.039274924471,15,331,1
기타,한식,12,4,7425.0,13577.464788732394,20,71,0
중등,분식,9,1,6384.615384615385,3881.5261044176705,13,1245,0
고등,패스트푸드,19,5,7194.117647058823,8871.207430340557,34,323,1
초등,아시안,15,4,7645.833333333333,7682.692307692308,24,52,1
고등,베이커리,17,1,7615.384615384615,5090.848806366048,26,754,1
초등,분식,16,5,6772.727272727273,4881.4387211367675,22,1126,0
초등,분식,7,5,7437.5,3719.13835956918,16,1207,1
초등,베이커리,16,5,5384.615384615385,5037.313432835821,13,402,1
중등,분식,17,2,4500.0,4522.857142857143,8,525,1
중등,베이커리,16,1,7884.615384615385,5090.848806366048,13,754,1
초등,분식,19,5,5300.0,3644.4444444444443,30,945,1
초등,카페디저트,12,0,4758.620689655172,4801.003344481605,29,299,1
중등,한식,17,5,7523.809523809524,7087.786259541985,21,262,0
초등,한식,17,0,4952.380952380952,7569.583931133429,21,697,0
고등,한식,19,2,7529.411764705882,9967.548076923076,17,416,1
초등,한식,16,1,6258.620689655172,8870.967741935483,29,124,1
기타,한식,12,0,6021.739130434783,12103.448275862069,23,58,0
기타,한식,13,1,6442.307692307692,11117.021276595744,26,47,0
고등,분식,18,3,6875.0,3719.13835956918,16,1207,1
기타,한식,16,2,6375.0,9072.319201995013,16,401,0
고등,카페디저트,17,2,7210.526315789473,4930.513595166163,19,331,1
중등,분식,15,4,6068.181818181818,3881.5261044176705,22,1245,1
기타,마트,8,0,6411.764705882353,5222.323049001815,34,551,0
중등,분식,15,2,6595.238095238095,4002.249718785152,21,889,1
고등,카페디저트,20,3,9227.272727272728,5941.605839416058,11,137,0
고등,카페디저트,19,6,7142.857142857143,4407.942238267148,14,277,0
초등,분식,17,3,7000.0,3881.5261044176705,18,1245,1
초등,분식,15,3,6791.666666666667,3719.13835956918,24,1207,1
초등,베이커리,13,2,4760.869565217391,3131.8289786223277,23,421,0
기타,카페디저트,13,1,5711.538461538462,3795.343137254902,26,408,1
중등,패스트푸드,20,6,5944.444444444444,5375.0,18,788,1
초등,분식,13,1,7500.0,3719.13835956918,13,1207,0
중등,분식,13,2,6214.285714285715,3719.13835956918,21,1207,1
초등,분식,16,0,5378.787878787879,4370.192307692308,33,208,0
초등,마트,19,3,4941.176470588235,5222.323049001815,34,551,1
초등,분식,17,6,5380.0,4522.857142857143,25,525,0
초등,카페디저트,13,0,4796.2962962962965,5360.429447852761,27,326,0
중등,한식,18,3,6608.695652173913,9296.296296296296,23,54,0
고등,베이커리,19,5,8468.75,2909.365558912387,16,331,1
초등,분식,20,5,5600.0,3883.8582677165355,20,254,0
중등,분식,19,5,6289.473684210527,3881.5261044176705,19,1245,1
중등,카페디저트,17,6,5000.0,3245.4545454545455,21,110,1
초등,편의점,16,1,5040.0,2597.3154362416108,25,298,1
초등,베이커리,17,6,5187.5,5550.802139037433,24,187,0
고등,일식,18,1,8571.42857142857,9984.797297297297,21,296,1
초등,패스트푸드,8,0,6044.117647058823,6192.37012987013,34,616,0
초등,베이커리,15,5,4760.0,2896.6244725738397,25,237,0
중등,카페디저트,20,0,6058.823529411765,4020.0,17,275,1
고등,중식,19,1,9125.0,8335.616438356165,12,73,0
중등,한식,19,4,7444.444444444444,12027.60736196319,9,163,1
초등,베이커리,16,2,5547.619047619048,3775.4820936639117,21,363,0
초등,분식,16,3,6703.448275862069,4837.912087912088,29,364,0
초등,한식,16,2,5129.032258064516,9761.538461538461,31,65,1
초등,한식,16,1,5058.823529411765,8306.451612903225,17,62,1
중등,카페디저트,16,0,6919.354838709677,4866.541353383459,31,266,0
중등,일식,16,0,8812.5,12033.527696793002,8,343,1
중등,일식,19,0,7250.0,8928.315412186379,18,279,1
초등,편의점,18,5,3761.904761904762,2534.013605442177,21,294,1
초등,카페디저트,13,3,9812.5,5808.1841432225065,8,782,1
초등,분식,13,2,6681.818181818182,3719.13835956918,22,1207,1
중등,카페디저트,13,5,6928.571428571428,4387.921653971708,28,919,0
중등,카페디저트,17,4,4814.814814814815,4245.098039215686,27,357,1
초등,분식,15,1,5193.548387096775,4770.516717325228,31,329,0
중등,한식,20,6,6517.857142857143,8170.103092783505,28,97,1
고등,카페디저트,20,5,6419.354838709677,4875.0,31,308,1
초등,패스트푸드,13,5,4590.0,8526.073619631901,30,326,0
중등,분식,16,6,6363.636363636364,4522.857142857143,11,525,0
초등,카페디저트,16,6,5821.428571428572,4325.949367088608,14,948,1
초등,분식,18,6,7047.619047619048,3881.5261044176705,21,1245,0
초등,패스트푸드,12,3,4941.176470588235,5953.91061452514,17,358,1
중등,카페디저트,17,0,5865.384615384615,4564.9819494584835,26,277,0
초등,중식,16,5,6095.238095238095,8267.313019390582,21,361,1
중등,한식,7,1,6833.333333333333,8914.179104477613,21,134,1
중등,분식,12,4,6592.592592592592,4522.857142857143,27,525,1
중등,카페디저트,17,3,6568.9655172413795,4787.465940054496,29,367,1
기타,한식,17,1,6642.857142857143,9541.07142857143,14,280,1
중등,베이커리,18,0,6896.551724137931,4627.9826464208245,29,461,1
중등,일식,18,3,9718.75,12033.527696793002,16,343,1
고등,카페디저트,20,3,5157.894736842105,4801.003344481605,19,299,0
초등,편의점,15,3,5844.0,2069.8234349919744,25,623,0
초등,분식,12,3,4595.0,4740.116279069767,20,860,0
초등,분식,15,6,3617.6470588235293,3679.663608562691,17,654,1
고등,중식,18,5,7700.0,8033.56890459364,20,283,1
중등,카페디저트,16,6,5800.0,4930.513595166163,10,331,1
중등,중식,19,4,6525.0,8033.56890459364,20,283,1
초등,중식,13,6,6980.0,11018.867924528302,25,53,0
초등,베이커리,16,3,5980.0,4903.409090909091,25,88,0
중등,분식,16,1,6122.222222222223,4837.912087912088,36,364,0
초등,패스트푸드,20,4,5678.571428571428,6192.37012987013,14,616,0
고등,중식,19,6,7575.0,8139.423076923077,20,104,0
초등,분식,15,2,4313.636363636364,3650.4854368932038,22,206,1
고등,마트,12,0,6652.173913043478,5222.323049001815,23,551,1
초등,편의점,8,6,4370.967741935484,2597.3154362416108,31,298,1
초등,한식,15,1,5809.523809523809,7976.525821596244,21,426,1
고등,한식,18,4,8240.0,7264.619883040936,25,342,0
고등,중식당,13,4,8566.666666666666,8169.4915254237285,15,177,1
초등,베이커리,17,0,4375.0,2977.832512315271,4,203,0
초등,한식,15,5,5785.714285714285,9967.548076923076,21,416,0
초등,편의점,12,6,3442.8571428571427,2069.8234349919744,14,623,0
초등,분식,16,3,5335.4838709677415,3650.4854368932038,31,206,0
초등,한식,7,6,6083.333333333333,8172.588832487309,24,197,1
중등,중식,15,6,6166.666666666667,8028.761061946902,9,226,0
기타,카페디저트,18,3,6642.857142857143,4539.156626506024,14,332,1
중등,일식,13,0,6740.0,11978.632478632479,20,117,0
중등,중식,12,0,6863.636363636364,7112.299465240641,11,187,1
중등,분식,18,4,6425.925925925926,3881.5261044176705,27,1245,1
초등,분식,17,1,6565.217391304348,3719.13835956918,23,1207,0
고등,카페디저트,19,4,6823.529411764706,4875.0,34,308,0
초등,분식,13,5,5193.548387096775,4770.516717325228,31,329,0
중등,분식,15,3,6785.714285714285,4002.249718785152,21,889,0
초등,한식,15,4,7954.545454545455,7976.525821596244,22,426,0
초등,베이커리,16,4,5500.0,4262.962962962963,19,405,1
초등,한식,17,1,3372.972972972973,8000.0,37,192,1
초등,분식,15,6,4288.461538461538,5007.751937984496,26,516,0
고등,카페디저트,12,0,6351.851851851852,4875.0,27,308,1
고등,중식,19,1,10347.826086956522,10270.833333333334,23,216,0
고등,베이커리,19,6,8333.333333333334,4627.9826464208245,24,461,1
중등,카페디저트,12,3,6064.705882352941,5173.031496062992,17,508,0
초등,분식,16,5,5296.428571428572,4922.945205479452,28,292,0
중등,마트,17,1,6150.0,7731.21387283237,20,173,1
고등,카페디저트,17,5,8780.0,4539.787798408488,25,377,0
초등,기타,12,6,5693.548387096775,7528.735632183908,31,87,1
초등,패스트푸드,12,3,6000.0,8250.0,16,678,0
초등,일식,13,2,5083.333333333333,8928.315412186379,30,279,1
중등,분식,16,3,6923.076923076923,4171.130952380952,13,336,0
중등,분식,20,5,6769.2307692307695,2676.950998185118,13,551,0
중등,일식,19,2,5575.0,11401.960784313726,20,408,0
중등,분식,17,1,5589.285714285715,3845.3237410071943,28,278,0
고등,양식,19,0,7500.0,8544.262295081968,24,610,1
고등,양식,13,0,7851.851851851852,8676.767676767677,27,99,1
초등,한식,15,5,6867.857142857143,7745.1612903225805,28,155,1
초등,분식,12,5,6024.0,5954.397394136808,25,307,0
초등,한식,17,1,5258.064516129032,8182.5842696629215,31,178,1
고등,카페디저트,20,6,6704.545454545455,4801.003344481605,22,299,1
고등,한식,20,1,8156.25,10445.054945054944,16,91,0
초등,분식,16,3,4077.777777777778,5954.397394136808,18,307,1
고등,카페디저트,16,2,7100.0,6429.203539823009,25,226,1
중등,베이커리,20,2,5403.846153846154,4483.957219251337,26,187,1
중등,카페디저트,16,3,6854.545454545455,2656.5891472868216,11,258,1
중등,카페디저트,16,4,7166.666666666667,4238.993710691824,15,318,1
중등,일식,16,6,6590.909090909091,7761.290322580645,22,775,0
초등,분식,15,0,7305.555555555556,3723.9077669902913,18,824,0
중등,일식,8,4,6300.0,7761.290322580645,15,775,0
초등,베이커리,17,0,5678.571428571428,5090.848806366048,28,754,0
중등,카페디저트,17,4,7361.111111111111,5498.251748251748,18,286,1
중등,분식,16,2,6125.0,3719.13835956918,24,1207,0
고등,한식,17,6,7625.0,9760.869565217392,24,69,1
중등,한식,13,3,7038.461538461538,8873.75415282392,26,301,0
중등,한식,18,6,5181.818181818182,7880.5970149253735,22,67,1
중등,카페디저트,17,1,5578.125,4539.156626506024,32,332,0
중등,분식,20,6,6454.545454545455,4187.5,11,248,0
고등,카페디저트,19,2,7150.0,6505.576208178439,20,269,0
중등,분식,16,1,4823.529411764706,4756.965944272446,17,323,0
고등,일식,19,1,8636.363636363636,8567.796610169491,22,531,0
중등,베이커리,15,0,6500.0,5600.0,15,355,1
초등,분식,18,5,5700.0,2676.950998185118,20,551,0
고등,양식,19,3,8235.29411764706,11168.60465116279,17,172,1
초등,일식,17,4,8062.5,12033.527696793002,8,343,1
고등,일식,18,5,6952.173913043478,10314.814814814816,23,135,1
고등,카페디저트,18,3,7884.615384615385,3837.3493975903616,26,83,1
중등,카페디저트,17,1,6285.714285714285,4564.9819494584835,14,277,0
중등,양식,12,0,7050.0,10215.686274509804,10,51,1
초등,중식,19,5,5514.705882352941,8457.142857142857,34,70,1
초등,편의점,17,6,5044.444444444444,2069.8234349919744,27,623,0
고등,한식,15,6,9050.0,11863.387978142076,10,183,0
기타,한식,13,3,6913.793103448276,8776.073619631901,29,163,0
초등,베이커리,19,6,5653.846153846154,4850.267379679144,13,187,0
고등,카페디저트,18,3,6558.823529411765,4875.0,17,308,0
중등,카페디저트,20,6,6071.428571428572,5112.244897959184,14,98,0
초등,중식,12,5,5336.363636363636,7112.299465240641,22,187,0
중등,베이커리,15,2,6722.222222222223,4629.201680672269,18,476,1
기타,분식,12,6,4740.0,5007.751937984496,25,516,0
중등,카페디저트,17,3,6090.909090909091,6053.846153846154,22,260,1
초등,분식,12,4,5795.454545454545,4881.4387211367675,22,1126,0
중등,분식,17,0,6138.888888888889,3644.4444444444443,18,945,1
초등,베이커리,15,0,7863.636363636364,5550.802139037433,11,187,0
고등,카페디저트,18,5,6839.285714285715,3299.2700729927005,28,137,0
초등,패스트푸드,12,2,4351.851851851852,5920.833333333333,27,480,0
중등,베이커리,12,0,6854.8387096774195,4549.82206405694,31,281,1
초등,카페디저트,12,2,5021.739130434783,4539.156626506024,23,332,1
기타,분식,17,4,5928.571428571428,3845.3237410071943,21,278,0
중등,베이커리,12,5,5913.793103448276,2909.365558912387,29,331,1
고등,중식,19,4,7026.315789473684,8267.313019390582,19,361,0
고등,편의점,17,0,5484.615384615385,2568.3520599250937,26,534,1
중등,패스트푸드,13,6,6796.2962962962965,5953.91061452514,27,358,0
초등,분식,16,3,6020.0,3634.8039215686276,25,204,0
초등,패스트푸드,15,6,5953.125,8250.0,32,678,0
초등,베이커리,15,2,5293.103448275862,5037.313432835821,29,402,0
기타,베이커리,13,1,5951.612903225807,5097.744360902256,31,266,1
초등,한식,12,5,5557.142857142857,8375.0,35,84,1
고등,카페디저트,17,2,7346.153846153846,4875.0,13,308,0
초등,한식,16,2,6142.857142857143,9072.319201995013,28,401,1
중등,한식,20,3,7695.0,9255.681818181818,20,88,1
초등,분식,12,0,6300.0,3644.4444444444443,15,945,0
초등,분식,13,6,5250.0,3989.0510948905107,20,137,1
초등,분식,16,4,5375.0,4171.130952380952,24,336,1
중등,분식,12,2,4908.0,4740.116279069767,25,860,1
중등,한식,13,3,6706.896551724138,9072.319201995013,29,401,0
고등,베이커리,13,5,7142.857142857143,5600.0,14,355,1
중등,분식,17,5,6125.0,2676.950998185118,12,551,0
중등,양식,16,6,7326.086956521739,8544.262295081968,23,610,1
중등,분식,17,3,6031.25,4370.192307692308,16,208,0
중등,양식,20,2,9357.142857142857,11168.60465116279,7,172,0
초등,분식,16,3,6000.0,3881.5261044176705,24,1245,1
고등,한식,16,1,8433.333333333334,8985.59670781893,15,243,0
초등,패스트푸드,16,1,5605.263157894737,6192.37012987013,19,616,0
초등,분식,16,0,4590.0,4821.808510638298,30,188,0
고등,베이커리,15,5,6772.727272727273,4262.962962962963,11,405,1
기타,중식,19,2,4321.428571428572,6912.5,14,80,0
초등,양식,18,6,7642.857142857143,9716.04938271605,7,81,0
초등,분식,17,4,5261.9047619047615,4171.130952380952,21,336,1
초등,분식,13,1,5557.692307692308,5343.373493975903,26,249,1
중등,일식,16,0,8285.714285714286,8641.509433962265,14,530,1
중등,일식,15,1,7285.714285714285,13115.384615384615,21,91,1
기타,분식,12,4,7354.166666666667,4922.945205479452,24,292,0
중등,카페디저트,19,5,5678.571428571428,5500.0,14,109,1
초등,카페디저트,12,2,7411.764705882353,4777.777777777777,17,162,0
고등,한식,18,1,7874.193548387097,7905.857740585774,31,239,0
중등,카페디저트,15,2,7650.0,4539.787798408488,20,377,1
초등,한식,7,3,5533.333333333333,12103.448275862069,15,58,1
초등,패스트푸드,15,6,5443.75,8526.073619631901,32,326,0
초등,한식,12,1,7650.0,7905.857740585774,10,239,1
초등,베이커리,13,6,5953.125,3553.8922155688624,32,167,1
중등,베이커리,17,1,6000.0,2643.076923076923,16,325,1
초등,카페디저트,15,5,7978.260869565217,5026.785714285715,23,112,1
고등,베이커리,18,6,5785.714285714285,5123.076923076923,21,195,1
고등,한식,13,0,7906.25,9559.171597633136,16,169,1
기타,카페디저트,18,4,6296.2962962962965,4875.0,27,308,0
고등,일식,16,3,5762.5,8706.697459584295,16,433,1
초등,한식,16,6,4684.0,8111.328125,25,256,1
중등,카페디저트,19,3,7869.565217391304,4495.575221238938,23,113,1
고등,한식,17,3,8022.222222222223,8413.24200913242,27,219,0
중등,일식,16,5,6029.411764705882,8928.315412186379,34,279,0
초등,카페디저트,20,3,6060.0,4787.465940054496,25,367,1
초등,분식,8,4,6025.0,4881.4387211367675,20,1126,0
중등,마트,18,6,6777.777777777777,5222.323049001815,9,551,0
고등,일식,18,2,6674.193548387097,10140.718562874252,31,167,0
중등,베이커리,16,5,6369.565217391304,4212.5,23,560,1
중등,일식,17,5,7458.333333333333,9984.797297297297,24,296,1
고등,한식,13,1,9388.888888888889,12000.0,9,78,0
초등,편의점,15,4,4175.0,2534.013605442177,20,294,0
초등,분식,16,5,4750.0,4881.4387211367675,24,1126,1
초등,카페디저트,15,0,3500.0,4862.416107382551,18,298,1
중등,카페디저트,12,4,6022.222222222223,3299.2700729927005,18,137,0
중등,아시안,13,2,6038.461538461538,8282.312925170068,13,147,1
중등,중식,17,3,6705.882352941177,8267.313019390582,17,361,1
고등,한식,16,0,10156.25,9621.212121212122,16,132,0
초등,중식,17,4,6500.0,12948.57142857143,13,175,1
고등,패스트푸드,19,0,7368.421052631579,5920.833333333333,19,480,0
중등,패스트푸드,15,4,6676.470588235294,6192.37012987013,17,616,1
중등,한식,16,2,7040.0,8500.0,25,93,1
고등,한식,18,4,6613.636363636364,9255.681818181818,22,88,0
고등,일식,18,6,7193.548387096775,8706.697459584295,31,433,0
기타,분식,12,0,6761.9047619047615,4740.116279069767,21,860,1
고등,카페디저트,15,5,7150.0,5750.7836990595615,20,319,0
중등,한식,17,4,7586.95652173913,9061.83745583039,23,283,0
중등,분식,17,3,5740.740740740741,3644.4444444444443,27,945,1
초등,카페디저트,13,2,5111.538461538462,4785.211267605634,26,142,1
고등,한식,16,3,8348.0,7951.612903225807,25,217,1
초등,한식,16,2,6140.0,8182.5842696629215,25,178,0
고등,양식,12,3,7000.0,11270.440251572327,28,159,0
중등,카페디저트,15,5,6960.0,6505.576208178439,25,269,0
중등,카페디저트,16,2,6735.294117647059,4801.003344481605,17,299,1
기타,분식,7,3,5769.2307692307695,3644.4444444444443,26,945,1
초등,한식,15,5,6523.809523809524,8172.588832487309,21,197,1
고등,분식,16,4,7023.809523809524,4740.116279069767,21,860,1
고등,일식,15,1,7783.333333333333,9970.383275261323,30,287,0
초등,카페디저트,18,2,7277.777777777777,4765.714285714285,9,175,1
고등,분식,7,2,6738.0952380952385,3883.8582677165355,21,254,1
초등,분식,15,6,5625.0,4881.4387211367675,8,1126,0
초등,카페디저트,16,1,6000.0,5557.142857142857,11,245,1
중등,베이커리,16,6,5865.384615384615,4580.168776371308,26,237,0
중등,한식,15,3,8250.0,11409.09090909091,16,44,1
중등,분식,12,5,6410.714285714285,3927.2197962154296,28,687,1
초등,베이커리,15,2,4608.695652173913,2643.076923076923,23,325,1
고등,일식,16,4,7944.444444444444,12000.0,9,19,0
초등,베이커리,12,4,5137.931034482759,5037.313432835821,29,402,1
초등,패스트푸드,8,4,5272.727272727273,8250.0,22,678,0
초등,중식,16,2,7384.615384615385,8616.666666666666,13,450,1
기타,카페디저트,13,6,6642.857142857143,4875.0,14,308,1
초등,분식,15,3,5107.142857142857,3719.13835956918,14,1207,1
중등,분식,18,4,5520.833333333333,3719.13835956918,24,1207,0
초등,중식,17,6,5554.8387096774195,7112.299465240641,31,187,1
초등,패스트푸드,7,1,5725.0,8250.0,40,678,1
초등,분식,17,1,5640.0,4622.093023255814,20,258,0
초등,편의점,13,1,5942.307692307692,2534.013605442177,26,294,0
고등,편의점,13,2,9807.692307692309,2534.013605442177,13,294,1
중등,카페디저트,18,4,8078.9473684210525,6502.551020408163,19,196,0
중등,한식,19,5,5416.666666666667,7264.619883040936,12,342,1
초등,카페디저트,15,0,4884.615384615385,4847.540983606557,26,305,1
고등,한식,19,3,8266.666666666666,13018.75,9,80,1
초등,분식,17,0,6125.0,3719.13835956918,28,1207,0
중등,일식,17,1,7347.826086956522,7761.290322580645,23,775,1
중등,베이커리,18,4,5166.666666666667,3952.5547445255474,21,137,1
고등,양식,13,0,7852.941176470588,11356.25,17,160,0
초등,분식,17,2,5516.666666666667,4522.857142857143,30,525,1
초등,분식,17,3,5608.695652173913,5007.751937984496,23,516,1
고등,중식,17,3,6875.0,10270.833333333334,16,216,0
초등,카페디저트,16,3,6615.384615384615,3245.4545454545455,26,110,0
고등,일식,17,1,9093.75,11535.714285714286,16,56,0
고등,카페디저트,18,0,6961.538461538462,4673.913043478261,26,92,0
초등,분식,12,0,4828.571428571428,4740.116279069767,21,860,1
고등,베이커리,18,3,6800.0,4627.9826464208245,30,461,1
중등,일식,17,1,7555.555555555556,8501.557632398753,27,321,1
초등,일식,16,5,7006.666666666667,8567.796610169491,15,531,0
중등,카페디저트,16,2,7033.333333333333,4245.098039215686,15,357,0
초등,분식,17,1,6565.217391304348,4314.528593508501,23,647,0
기타,베이커리,12,1,5833.333333333333,3775.4820936639117,15,363,1
중등,기타,13,4,5411.764705882353,8118.343195266272,17,169,0
초등,카페디저트,17,0,5073.913043478261,4335.365853658536,23,164,1
중등,한식,16,5,7659.090909090909,11261.904761904761,22,42,1
중등,한식,19,1,7548.387096774193,9280.346820809249,31,173,1
초등,중식,13,6,6431.818181818182,8616.666666666666,22,450,1
초등,한식,17,1,6704.545454545455,9061.83745583039,22,283,1
초등,양식,16,0,7700.0,10016.393442622952,15,61,1
중등,카페디저트,16,0,5533.333333333333,4787.465940054496,15,367,0
초등,한식,13,0,5666.666666666667,9967.548076923076,33,416,0
중등,한식,18,6,6388.888888888889,8328.947368421053,27,152,1
중등,일식,17,4,6000.0,11477.777777777777,18,90,0
초등,편의점,16,6,4937.5,2568.3520599250937,24,534,0
초등,패스트푸드,17,4,4409.090909090909,5920.833333333333,11,480,0
초등,한식,12,1,4706.896551724138,10091.836734693878,29,98,1
고등,양식,17,0,7200.0,9363.436123348018,15,227,0
초등,마트,16,5,7125.0,7731.21387283237,8,173,1
초등,카페디저트,17,1,6660.0,5498.251748251748,25,286,0
중등,아시안,16,1,6222.222222222223,8339.506172839507,27,81,1
중등,카페디저트,20,5,5777.777777777777,5750.7836990595615,36,319,1
초등,패스트푸드,15,0,5782.608695652174,8250.0,23,678,0
초등,중식당,15,5,5700.0,8169.4915254237285,21,177,1
중등,분식,15,4,6388.888888888889,4002.249718785152,9,889,0
초등,중식,15,1,7333.333333333333,8616.666666666666,12,450,1
기타,마트,15,1,4860.0,6404.891304347826,25,184,1
고등,일식,18,2,7586.206896551724,7761.290322580645,29,775,0
고등,베이커리,17,6,5660.0,4483.957219251337,25,187,1
중등,카페디저트,17,1,5960.0,4325.949367088608,25,948,0
중등,베이커리,15,3,7150.0,4629.201680672269,20,476,0
중등,분식,12,2,6636.363636363636,4622.093023255814,11,258,1
중등,일식,18,4,6029.411764705882,8928.315412186379,34,279,0
중등,베이커리,17,4,5718.75,3930.9210526315787,16,304,0
중등,베이커리,20,0,5750.0,4212.5,22,560,1
기타,카페디저트,9,1,5357.142857142857,3299.2700729927005,21,137,1
초등,카페디저트,12,3,8875.0,5808.1841432225065,8,782,0
중등,카페디저트,17,1,5138.888888888889,4875.0,18,308,1
기타,분식,15,4,6021.739130434783,4028.1293952180026,23,711,1
고등,한식,17,5,7194.117647058823,8396.296296296296,34,135,1
중등,중식,17,0,7071.428571428572,10270.833333333334,21,216,1
기타,한식,15,5,6409.090909090909,8454.022988505747,11,87,1
초등,분식,16,1,5625.0,5007.751937984496,24,516,1
초등,분식,19,2,5065.517241379311,5227.272727272727,29,176,1
고등,카페디저트,19,1,7558.823529411765,4325.949367088608,17,948,1
고등,카페디저트,20,3,7625.0,4734.375,24,160,0
고등,분식,18,5,7196.428571428572,3644.4444444444443,28,945,1
고등,일식,20,6,7155.172413793103,11401.960784313726,29,408,0
초등,베이커리,17,4,5875.0,4903.409090909091,20,88,0
초등,분식,15,0,6454.545454545455,4881.4387211367675,11,1126,0
초등,분식,16,2,5617.64705882353,4028.1293952180026,17,711,0
중등,카페디저트,16,6,5970.588235294118,5152.866242038216,17,157,1
초등,베이커리,16,4,6227.272727272727,2643.076923076923,22,325,0
중등,일식,15,5,5038.461538461538,9789.0625,13,128,1
중등,패스트푸드,20,0,5375.0,5953.91061452514,16,358,0
고등,한식,20,6,6761.538461538462,8111.328125,13,256,0
초등,카페디저트,12,4,6595.238095238095,6125.0,21,72,0
중등,카페디저트,16,1,6883.333333333333,4325.949367088608,30,948,0
초등,아시안,16,6,7804.347826086957,11086.538461538461,23,156,0
중등,한식,17,3,8520.0,8503.246753246753,25,154,1
초등,양식,13,5,6708.333333333333,10614.285714285714,12,35,1
초등,분식,18,4,5806.451612903225,4876.344086021505,31,186,0
중등,카페디저트,18,2,6900.0,4232.9059829059825,30,234,1
초등,분식,17,6,5782.608695652174,4002.249718785152,23,889,0
고등,카페디저트,17,0,7368.421052631579,4734.375,38,160,0
고등,일식,19,1,7625.0,8601.694915254237,12,177,0
고등,한식,17,5,7958.333333333333,9762.295081967213,12,305,0
중등,일식,15,5,7942.307692307692,11401.960784313726,26,408,1
초등,카페디저트,12,3,6078.9473684210525,4387.921653971708,19,919,1
기타,분식,13,5,8052.631578947368,4622.093023255814,19,258,0
중등,한식,18,1,6642.857142857143,8500.0,21,93,1
초등,카페디저트,16,3,4860.0,4875.0,25,308,1
중등,카페디저트,16,5,5523.809523809524,4974.885844748858,21,219,1
초등,분식,12,2,4944.444444444444,5007.751937984496,27,516,0
고등,양식,18,6,6321.428571428572,9363.436123348018,14,227,0
초등,분식,18,2,4522.727272727273,3644.4444444444443,22,945,1
중등,카페디저트,16,1,5239.130434782609,4020.0,23,275,0
고등,카페디저트,19,6,8472.222222222223,4765.714285714285,18,175,0
중등,분식,20,5,6363.636363636364,3723.9077669902913,11,824,0
고등,카페디저트,18,1,7413.04347826087,4387.921653971708,23,919,0
초등,한식,18,0,5951.612903225807,8547.79411764706,31,272,0
초등,분식,15,2,6318.181818181818,4881.4387211367675,22,1126,0
중등,카페디저트,15,3,7431.818181818182,6244.68085106383,22,235,0
초등,베이커리,15,4,4706.896551724138,3131.8289786223277,29,421,0
중등,한식,19,2,8400.0,9410.714285714286,10,308,0
중등,일식,17,6,7384.615384615385,8601.694915254237,13,177,0
고등,중식,12,5,6738.0952380952385,7598.214285714285,21,56,0
초등,일식,15,5,4880.7692307692305,10482.608695652174,26,115,1
고등,카페디저트,13,2,8416.666666666666,4539.787798408488,18,377,0
초등,분식,20,2,7250.0,3644.4444444444443,14,945,0
고등,일식,18,6,7428.571428571428,7761.290322580645,14,775,0
중등,카페디저트,16,6,8000.0,3843.5374149659865,16,147,0
기타,일식,18,0,7382.35294117647,10046.875,17,64,1
초등,패스트푸드,16,5,5440.0,8250.0,25,678,0
고등,편의점,18,2,6327.272727272727,2568.3520599250937,22,534,1
중등,분식,19,3,5000.0,5468.646864686469,14,303,0
초등,카페디저트,16,2,4890.625,5012.3456790123455,32,81,1
초등,베이커리,15,1,7630.434782608696,5600.0,23,355,0
초등,카페디저트,16,5,5145.833333333333,4875.0,24,308,1
초등,분식,17,2,6323.529411764706,4370.192307692308,17,208,0
기타,마트,19,5,5204.545454545455,5222.323049001815,22,551,1
초등,베이커리,9,1,5527.777777777777,5710.601719197708,18,349,0
중등,패스트푸드,17,0,6166.666666666667,6192.37012987013,12,616,0
고등,중식,19,2,7884.615384615385,7112.359550561798,26,89,0
초등,분식,17,1,6750.0,4837.912087912088,32,364,1
고등,중식,20,2,7433.333333333333,8028.761061946902,15,226,0
고등,중식,19,6,8593.75,12250.76923076923,16,325,1
고등,분식,18,1,7086.95652173913,3682.3529411764707,23,170,1
초등,패스트푸드,13,3,5860.0,5375.0,25,788,1
중등,베이커리,13,0,6111.111111111111,4627.9826464208245,9,461,1
중등,분식,16,5,6175.0,3719.13835956918,20,1207,0
중등,정육점,17,4,5000.0,8101.503759398496,15,133,1
초등,분식,17,6,6625.0,3719.13835956918,8,1207,0
중등,일식,17,0,5392.857142857143,10548.429319371728,28,382,0
중등,분식,12,2,6117.64705882353,4875.0,17,336,1
초등,카페디저트,16,3,6155.172413793103,3553.054662379421,29,311,1
초등,분식,16,1,5025.0,4522.857142857143,20,525,0
중등,중식,19,3,6875.0,7310.0,16,100,1
중등,한식,17,3,6706.896551724138,8933.92857142857,29,280,0
중등,분식,17,0,5740.0,3723.9077669902913,15,824,0
초등,베이커리,19,2,5119.047619047619,2896.6244725738397,21,237,0
중등,한식,12,0,5931.818181818182,12204.225352112677,22,71,1
중등,일식,16,2,7366.666666666667,9099.439775910365,30,357,0
초등,베이커리,12,4,6535.714285714285,5037.313432835821,14,402,0
초등,한식,12,5,5090.909090909091,9586.206896551725,11,29,0
고등,카페디저트,20,0,6351.851851851852,4539.156626506024,27,332,1
초등,카페디저트,7,3,8333.333333333334,5808.1841432225065,9,782,1
중등,분식,19,2,5588.235294117647,2676.950998185118,17,551,1
초등,아시안,15,3,7277.777777777777,9523.809523809523,9,42,1
초등,베이커리,16,6,4589.285714285715,5037.313432835821,28,402,1
중등,베이커리,17,4,7055.555555555556,2909.365558912387,9,331,0
고등,한식,20,5,7321.428571428572,9761.538461538461,14,65,1
중등,중식,16,4,7500.0,12451.612903225807,22,31,1
초등,편의점,16,1,5269.69696969697,2069.8234349919744,33,623,0
초등,베이커리,18,0,4960.0,4008.108108108108,25,185,1
고등,한식,12,4,7090.909090909091,13018.75,22,80,0
초등,베이커리,15,2,5117.64705882353,2896.6244725738397,17,237,0
고등,카페디저트,19,1,6351.851851851852,4875.0,27,308,1
중등,아시안,17,6,6550.0,8404.109589041096,20,73,1
기타,카페디저트,18,5,4968.75,4335.365853658536,16,164,1
고등,카페디저트,9,6,5931.818181818182,6244.68085106383,22,235,0
기타,한식,18,5,7900.0,9064.516129032258,20,279,0
초등,분식,17,2,6520.0,4434.306569343065,25,137,0
초등,분식,9,3,4744.444444444444,4740.116279069767,18,860,0
중등,분식,12,3,3833.3333333333335,4002.249718785152,15,889,1
중등,분식,9,2,5038.461538461538,4071.6911764705883,26,272,1
초등,분식,18,3,5877.272727272727,4187.5,22,248,1
중등,패스트푸드,17,1,4818.181818181818,6192.37012987013,22,616,0
중등,한식,17,1,7217.64705882353,7951.612903225807,17,217,1
기타,카페디저트,18,6,8708.333333333334,4765.714285714285,12,175,1
고등,양식,13,2,5763.1578947368425,11168.60465116279,19,172,1
중등,분식,17,2,5333.333333333333,5007.751937984496,12,516,1
중등,일식,13,6,6583.333333333333,7660.714285714285,12,84,0
고등,카페디저트,17,0,7975.0,4387.921653971708,20,919,0
고등,일식,19,4,8200.0,9812.5,30,136,0
기타,분식,13,5,4928.125,3505.61797752809,32,178,1
초등,베이커리,16,1,6736.8421052631575,4608.28025477707,19,314,0
초등,한식,16,5,5980.7692307692305,8182.5842696629215,26,178,0
초등,한식,17,2,6384.615384615385,9981.481481481482,13,54,1
고등,일식,12,5,6958.333333333333,10552.910052910052,24,189,1
중등,카페디저트,7,3,5083.333333333333,4672.413793103448,24,87,1
초등,중식,17,3,9750.0,12250.76923076923,10,325,1
초등,베이커리,13,1,5738.0952380952385,4262.962962962963,21,405,1
고등,분식,13,1,8339.285714285714,2676.950998185118,28,551,1
초등,한식,12,2,4634.615384615385,8306.451612903225,26,62,1
중등,카페디저트,16,2,5750.0,6244.68085106383,22,235,0
초등,베이커리,16,1,5738.0952380952385,5710.601719197708,21,349,1
중등,카페디저트,15,2,9395.833333333334,5941.605839416058,24,137,0
초등,카페디저트,13,5,6288.888888888889,3299.2700729927005,27,137,0
중등,카페디저트,16,3,6058.823529411765,4672.413793103448,17,87,1
중등,분식,15,4,4552.631578947368,2676.950998185118,19,551,1
고등,일식,13,4,8750.0,9803.73831775701,12,214,1
초등,패스트푸드,15,6,5550.0,5953.91061452514,24,358,0
초등,카페디저트,16,2,5277.777777777777,3553.054662379421,18,311,1
초등,분식,16,2,5608.695652173913,4028.1293952180026,23,711,1
초등,한식,16,2,6340.0,8111.328125,30,256,1
초등,카페디저트,19,3,3325.0,2656.5891472868216,24,258,1
초등,카페디저트,18,0,6740.0,5750.7836990595615,25,319,0
중등,분식,18,6,6036.111111111111,4837.912087912088,36,364,1
초등,양식,13,5,7638.888888888889,11528.03738317757,18,107,0
중등,한식,15,5,7156.25,8009.977827050998,16,451,1
초등,분식,16,3,5078.125,4770.516717325228,32,329,0
중등,카페디저트,17,2,6310.3448275862065,4564.9819494584835,29,277,0
초등,카페디저트,15,4,7428.571428571428,6629.56204379562,7,274,0
고등,한식,9,6,7818.181818181818,8009.977827050998,11,451,0
중등,카페디저트,16,6,5500.0,4387.921653971708,25,919,1
초등,분식,15,2,6288.461538461538,3881.5261044176705,26,1245,0
초등,분식,16,2,4161.9047619047615,4495.145631067961,21,206,0
초등,일식,17,4,5413.888888888889,8706.697459584295,36,433,1
고등,아시안,20,6,7780.0,8147.058823529412,25,102,1
초등,일식,12,0,5156.25,9308.743169398907,32,183,1
중등,일식,20,4,4833.333333333333,7761.290322580645,9,775,1
초등,한식,15,5,6250.0,9441.176470588236,16,85,1
초등,중식,19,4,5951.612903225807,10055.86592178771,31,179,1
고등,분식,19,1,8184.210526315789,4740.116279069767,19,860,0
초등,카페디저트,15,1,8000.0,5808.1841432225065,14,782,1
중등,한식,16,0,5833.333333333333,7569.583931133429,15,697,1
초등,패스트푸드,8,6,6090.909090909091,6192.37012987013,22,616,1
고등,한식,19,5,7875.0,9986.348122866893,20,293,1
초등,분식,17,3,5785.714285714285,4002.249718785152,21,889,0
초등,베이커리,18,1,6035.714285714285,5097.744360902256,14,266,1
초등,카페디저트,13,2,6000.0,4564.9819494584835,31,277,0
초등,분식,13,0,5203.7037037037035,4028.1293952180026,27,711,0
중등,일식,15,2,6722.222222222223,9984.797297297297,18,296,0
고등,양식,20,5,7225.0,12234.782608695652,20,115,0
중등,분식,17,4,6962.962962962963,4740.116279069767,27,860,0
초등,분식,15,2,6300.0,4314.528593508501,15,647,0
중등,분식,15,6,5947.368421052632,4171.130952380952,19,336,0
중등,양식,16,0,6537.5,11862.068965517241,24,87,1
초등,피자,8,1,6750.0,7931.0344827586205,16,58,1
고등,일식,17,4,9131.578947368422,10873.015873015873,19,63,0
고등,패스트푸드,18,0,6911.764705882353,5375.0,17,788,1
중등,분식,15,2,5795.454545454545,4495.145631067961,22,206,1
중등,분식,16,6,7120.0,4740.116279069767,15,860,0
고등,베이커리,19,0,7156.666666666667,3235.8288770053477,30,187,1
초등,베이커리,15,3,5277.777777777777,3775.4820936639117,18,363,1
초등,한식,15,6,7166.666666666667,8009.977827050998,12,451,1
중등,분식,12,1,6058.823529411765,5468.646864686469,17,303,0
고등,양식,18,3,6931.818181818182,8544.262295081968,22,610,1
초등,베이커리,16,2,5447.368421052632,2643.076923076923,19,325,0
고등,일식,15,2,7033.333333333333,9072.745901639344,15,488,1
고등,아시안,17,3,8074.074074074074,8003.90625,27,128,1
초등,분식,16,0,6111.111111111111,4770.516717325228,36,329,0
기타,일식,7,6,7900.0,7761.290322580645,20,775,0
초등,한식,13,3,7130.434782608696,7569.583931133429,23,697,1
초등,분식,19,3,6119.047619047619,4876.344086021505,21,186,1
중등,카페디저트,16,0,7704.545454545455,5426.605504587156,22,109,1
고등,중식,20,4,6850.0,8267.313019390582,20,361,0
기타,한식,15,0,6925.0,9896.396396396396,20,111,0
중등,정육점,16,4,6375.0,9229.05027932961,12,179,1
중등,한식,16,0,6846.153846153846,9986.348122866893,26,293,0
초등,아시안,13,5,4880.952380952381,9009.615384615385,21,156,0
초등,일식,13,4,5708.333333333333,7660.714285714285,24,84,0
중등,카페디저트,19,1,6386.363636363636,4564.9819494584835,22,277,1
초등,카페디저트,17,1,5411.764705882353,4387.921653971708,17,919,1
중등,카페디저트,17,0,6200.0,4245.098039215686,15,357,1
고등,분식,19,5,7032.258064516129,4370.192307692308,31,208,1
중등,한식,13,6,6675.0,7264.619883040936,20,342,1
중등,일식,19,1,6537.5,8567.796610169491,24,531,0
중등,베이커리,16,2,7586.95652173913,4629.201680672269,23,476,1
고등,마트,20,4,7900.0,7731.21387283237,25,173,1
초등,편의점,12,5,4640.625,2534.013605442177,32,294,0
초등,카페디저트,18,2,4724.137931034483,4847.540983606557,29,305,1
기타,한식,19,0,9181.818181818182,9942.567567567568,11,148,0
고등,일식,18,2,7327.586206896552,8928.315412186379,29,279,1
초등,분식,13,6,4370.967741935484,4770.516717325228,31,329,0
고등,일식,19,6,7400.0,9888.888888888889,15,54,1
초등,편의점,17,5,3934.782608695652,2069.8234349919744,23,623,0
중등,베이커리,17,5,5548.387096774193,3131.8289786223277,31,421,1
초등,패스트푸드,16,3,5500.0,5375.0,19,788,0
고등,카페디저트,12,6,7950.0,4930.513595166163,20,331,0
초등,분식,16,6,5694.444444444444,3719.13835956918,18,1207,1
기타,분식,12,0,7090.909090909091,4875.0,22,336,0
중등,중식,19,3,6885.0,8003.571428571428,20,140,0
고등,카페디저트,19,2,6250.0,4387.921653971708,20,919,1
고등,카페디저트,18,1,6535.714285714285,5934.782608695652,28,138,0
초등,카페디저트,15,6,6000.0,5808.1841432225065,11,782,1
초등,패스트푸드,15,3,6157.142857142857,5953.91061452514,28,358,0
고등,일식,13,5,9300.0,9803.73831775701,10,214,1
중등,카페디저트,17,0,4478.260869565217,3245.4545454545455,23,110,1
고등,중식,17,1,9500.0,8267.313019390582,15,361,1
고등,아시안,17,6,8500.0,9322.314049586777,16,121,1
초등,일식,15,5,7525.0,11435.185185185184,20,108,1
초등,한식,15,1,6125.0,7264.619883040936,28,342,1
고등,베이커리,16,2,6600.0,4580.168776371308,25,237,0
초등,일식,7,2,6705.882352941177,10046.875,17,64,1
초등,베이커리,8,6,6035.714285714285,5097.744360902256,14,266,1
중등,한식,15,3,6977.272727272727,9072.319201995013,22,401,1
초등,분식,16,3,7400.0,4876.344086021505,15,186,0
초등,카페디저트,13,6,5636.666666666667,5173.031496062992,30,508,0
중등,분식,15,5,8454.545454545454,4881.4387211367675,22,1126,0
초등,카페디저트,17,4,6619.047619047619,5498.251748251748,21,286,0
중등,카페디저트,19,3,6277.777777777777,4325.949367088608,27,948,0
초등,분식,16,0,6791.666666666667,3735.9813084112147,12,214,0
고등,분식,18,4,6138.888888888889,4821.808510638298,18,188,1
중등,한식,15,5,6833.333333333333,8914.179104477613,21,134,1
중등,분식,12,6,6000.0,4922.945205479452,21,292,1
초등,패스트푸드,15,5,5220.0,5953.91061452514,25,358,0
고등,한식,15,6,8240.0,9762.295081967213,25,305,0
기타,한식,8,0,5196.969696969697,8842.857142857143,33,70,0
초등,베이커리,15,5,5119.047619047619,4580.168776371308,21,237,0
중등,일식,16,0,5727.272727272727,10895.522388059702,33,67,0
고등,일식,18,1,7172.413793103448,9970.383275261323,29,287,0
초등,일식,19,1,6777.777777777777,7761.290322580645,18,775,0
초등,한식,13,3,6500.0,8328.947368421053,16,152,0
초등,한식,15,0,7750.0,7264.619883040936,18,342,1
중등,일식,16,1,6326.086956521739,9285.714285714286,23,77,0
초등,베이커리,12,6,5657.142857142857,4479.619565217391,14,368,1
중등,카페디저트,18,6,5947.368421052632,4407.942238267148,19,277,1
중등,패스트푸드,16,6,9200.0,7265.306122448979,20,392,0
초등,편의점,12,3,4756.25,2568.3520599250937,32,534,0
초등,아시안,16,0,7235.294117647059,8147.058823529412,17,102,1
고등,한식,15,6,8941.176470588236,11593.103448275862,17,145,1
중등,카페디저트,16,2,6839.285714285715,6429.203539823009,28,226,0
중등,일식,16,6,5590.909090909091,9789.0625,22,128,0
초등,카페디저트,16,1,6000.0,6244.68085106383,31,235,1
고등,카페디저트,19,1,8361.111111111111,5500.0,18,109,0
중등,카페디저트,12,6,6190.476190476191,4335.365853658536,21,164,1
고등,양식,20,0,8214.285714285714,11356.25,21,160,0
중등,카페디저트,12,1,5735.294117647059,6429.203539823009,17,226,1
초등,편의점,15,5,4671.428571428572,2534.013605442177,35,294,0
초등,카페디저트,17,5,6406.666666666667,5173.031496062992,15,508,0
고등,양식,16,1,7285.714285714285,13125.0,14,100,0
기타,베이커리,15,4,5600.0,5037.313432835821,25,402,1
중등,한식,15,6,6694.444444444444,8500.0,18,93,1
고등,카페디저트,20,1,6416.666666666667,4238.993710691824,12,318,1
중등,한식,15,4,7600.0,9051.28205128205,20,234,1
초등,베이커리,17,2,4838.235294117647,4008.108108108108,34,185,1
중등,양식,13,1,7954.545454545455,8378.881987577639,11,161,1
고등,양식,13,6,9500.0,8778.032036613273,6,437,0
고등,카페디저트,20,4,8190.476190476191,4325.949367088608,21,948,0
초등,분식,16,5,5189.6551724137935,3927.2197962154296,29,687,0
초등,한식,17,3,6480.0,9072.319201995013,25,401,1
초등,베이커리,16,1,4770.833333333333,4212.5,24,560,1
초등,카페디저트,12,5,5266.666666666667,4564.417177914111,15,326,1
중등,카페디저트,18,0,6047.619047619048,4564.9819494584835,21,277,1
초등,패스트푸드,17,6,5133.333333333333,5375.0,15,788,1
초등,한식,15,0,7000.0,8873.75415282392,18,301,0
고등,한식,15,1,8361.111111111111,8170.103092783505,18,97,1
중등,한식,19,0,6676.470588235294,11363.636363636364,17,77,1
초등,베이커리,16,2,4523.529411764706,4579.326923076923,34,208,0
초등,패스트푸드,15,1,6166.666666666667,6192.37012987013,9,616,0
기타,분식,19,5,6115.384615384615,3881.5261044176705,26,1245,1
중등,양식,16,4,7954.545454545455,8378.881987577639,11,161,1
초등,베이커리,19,4,4942.307692307692,3131.8289786223277,26,421,1
초등,분식,15,2,5951.612903225807,4314.528593508501,31,647,0
초등,한식,9,1,6052.631578947368,7569.583931133429,19,697,1
고등,일식,13,1,10277.777777777777,8641.509433962265,18,530,1
고등,한식,12,0,7870.967741935484,12015.625,31,32,1
고등,일식,12,5,7033.333333333333,10548.429319371728,15,382,1
고등,일식,18,1,5807.692307692308,9072.745901639344,26,488,1
초등,카페디저트,17,6,6617.64705882353,6162.921348314607,17,89,1
고등,한식,13,3,9113.636363636364,8500.0,22,93,1
고등,카페디저트,18,3,7086.206896551724,5934.782608695652,29,138,1
고등,일식,20,3,7722.222222222223,8248.427672955975,18,159,1
고등,카페디저트,18,1,7150.0,5686.206896551724,20,290,1
초등,분식,16,2,5031.25,3927.2197962154296,16,687,1
고등,카페디저트,18,3,6711.111111111111,2656.5891472868216,18,258,0
초등,한식,16,6,5196.0,8111.328125,25,256,1
초등,한식,12,0,7166.666666666667,9064.516129032258,12,279,1
중등,일식,13,6,7102.5641025641025,8635.678391959798,39,199,0
초등,분식,13,6,5176.470588235294,4522.857142857143,17,525,0
중등,카페디저트,15,1,6722.222222222223,4787.465940054496,9,367,0
고등,일식,16,6,7125.0,11477.777777777777,32,90,0
고등,한식,18,6,6948.387096774193,8396.296296296296,31,135,0
고등,일식,12,0,7416.666666666667,7761.290322580645,24,775,0
고등,분식,12,3,6321.428571428572,5007.751937984496,14,516,1
초등,베이커리,16,1,5452.380952380952,3775.4820936639117,21,363,1
초등,기타,18,1,6866.666666666667,6942.622950819672,15,61,0
초등,편의점,17,5,5181.481481481482,2568.3520599250937,27,534,0
초등,한식,13,4,6142.857142857143,9986.348122866893,28,293,1
고등,일식,13,1,9562.5,12033.527696793002,8,343,1
초등,베이커리,8,3,4608.695652173913,3077.039274924471,23,331,1
중등,한식,19,3,6973.684210526316,7087.786259541985,19,262,1
중등,일식,15,2,7515.625,10448.795180722891,32,166,0
초등,카페디저트,16,5,4731.25,4310.661764705882,16,272,1
초등,카페디저트,16,0,5639.130434782609,4203.488372093023,23,86,1
중등,분식,17,6,5706.896551724138,4171.130952380952,29,336,0
고등,일식,13,3,6785.714285714285,9812.5,14,136,0
중등,한식,15,3,6769.2307692307695,9061.83745583039,26,283,1
초등,기타,17,2,5396.551724137931,7552.631578947368,29,152,0
중등,카페디저트,17,0,6520.0,4325.949367088608,25,948,0
중등,일식,17,2,7115.384615384615,8635.678391959798,13,199,0
중등,패스트푸드,16,1,7583.333333333333,7265.306122448979,18,392,0
초등,베이커리,13,2,5275.0,2896.6244725738397,20,237,0
고등,일식,16,3,6674.193548387097,9359.477124183006,31,153,0
초등,아시안,16,2,8375.0,11327.586206896553,12,29,1
기타,분식,15,0,6714.285714285715,3682.3529411764707,14,170,0
중등,분식,12,3,6692.307692307692,4922.945205479452,13,292,1
고등,일식,18,0,8666.666666666666,12033.527696793002,18,343,1
초등,한식,16,4,7285.714285714285,11863.387978142076,21,183,0
초등,한식,8,5,6843.75,7264.619883040936,16,342,1
초등,베이커리,15,3,4631.25,4479.619565217391,16,368,0
초등,베이커리,20,0,5310.3448275862065,5710.601719197708,29,349,1
초등,한식,17,4,6155.172413793103,8172.588832487309,29,197,0
고등,카페디저트,20,3,8615.384615384615,4847.540983606557,13,305,0
초등,베이커리,19,4,5384.615384615385,5037.313432835821,13,402,0
고등,카페디저트,18,0,8380.0,5941.605839416058,25,137,1
고등,한식,16,4,7222.222222222223,9967.548076923076,27,416,1
초등,카페디저트,13,4,5972.222222222223,3870.0,18,100,1
초등,카페디저트,16,4,4681.818181818182,5012.3456790123455,33,81,1
초등,한식,15,3,4555.555555555556,10091.836734693878,18,98,1
고등,마트,17,3,6956.521739130435,5222.323049001815,23,551,1
초등,패스트푸드,16,0,5657.575757575758,8526.073619631901,33,326,1
초등,분식,12,2,3966.6666666666665,3719.13835956918,15,1207,1
초등,마트,19,2,5870.37037037037,6404.891304347826,27,184,0
고등,한식,20,0,8458.333333333334,8207.692307692309,12,65,0
초등,분식,15,0,3950.0,4002.249718785152,20,889,1
초등,한식,17,4,6193.548387096775,9410.714285714286,31,308,1
초등,편의점,8,2,5500.0,2534.013605442177,26,294,0
중등,한식,17,4,7920.0,8170.103092783505,25,97,1
초등,분식,16,0,6516.666666666667,3644.4444444444443,30,945,0
고등,베이커리,15,1,7269.2307692307695,3235.8288770053477,13,187,1
초등,베이커리,12,4,5545.454545454545,5090.848806366048,11,754,0
초등,패스트푸드,16,0,5833.333333333333,8250.0,15,678,0
초등,양식,13,0,5269.2307692307695,9363.436123348018,26,227,1
고등,카페디저트,18,2,6000.0,4225.490196078431,10,255,0
기타,베이커리,16,6,4275.862068965517,4212.5,29,560,1
초등,베이커리,16,1,4416.666666666667,3351.1226252158895,36,579,1
고등,베이커리,18,3,5950.0,2296.352583586626,20,329,1
중등,한식,18,3,6382.35294117647,9559.171597633136,17,169,1
중등,카페디저트,12,4,5120.833333333333,4310.661764705882,24,272,1
초등,편의점,18,2,5953.125,2597.3154362416108,32,298,0
중등,카페디저트,13,1,6029.411764705882,4225.490196078431,17,255,0
초등,한식,13,0,6580.0,9967.548076923076,25,416,1
초등,한식,13,3,7772.727272727273,7264.619883040936,11,342,1
초등,카페디저트,18,1,6227.272727272727,4238.993710691824,22,318,1
중등,일식,17,3,6694.444444444444,9812.5,18,136,1
중등,분식,15,6,6470.37037037037,4740.116279069767,27,860,0
고등,일식,19,4,7086.95652173913,8381.18811881188,23,101,1
고등,양식,16,2,6761.9047619047615,8544.262295081968,21,610,1
중등,카페디저트,15,5,6340.0,4520.992366412213,25,262,0
고등,베이커리,18,6,8562.5,4629.201680672269,8,476,0
고등,한식,12,5,6960.0,11863.387978142076,25,183,1
초등,분식,16,6,5770.833333333333,4028.1293952180026,24,711,0
고등,한식,17,5,6388.888888888889,9967.548076923076,27,416,0
고등,일식,13,2,7468.75,11435.185185185184,16,108,0
중등,한식,15,5,6975.0,8933.92857142857,20,280,0
중등,한식,15,2,7187.5,8873.75415282392,16,301,1
초등,분식,15,0,5805.555555555556,3989.0510948905107,18,137,0
중등,카페디저트,16,1,5886.363636363636,4387.921653971708,22,919,0
중등,베이커리,19,6,8318.181818181818,4262.962962962963,11,405,1
고등,한식,19,4,7160.0,8000.0,25,192,0
초등,베이커리,16,6,6736.8421052631575,5097.744360902256,19,266,0
초등,한식,17,5,5925.0,7264.619883040936,20,342,0
초등,베이커리,16,6,6027.777777777777,2296.352583586626,18,329,0
기타,카페디저트,18,4,7600.0,4520.992366412213,15,262,0
중등,일식,17,4,8454.545454545454,9970.383275261323,22,287,1
초등,편의점,12,4,3425.0,2069.8234349919744,16,623,1
초등,베이커리,17,6,4709.677419354839,2296.352583586626,31,329,0
초등,카페디저트,16,0,5870.37037037037,6244.68085106383,27,235,1
초등,분식,17,6,6137.931034482759,4881.4387211367675,29,1126,0
초등,일식,17,6,5500.0,13115.384615384615,24,91,0
초등,베이커리,17,1,4757.692307692308,4008.108108108108,26,185,1
고등,카페디저트,16,0,8316.666666666666,3795.343137254902,30,408,0
고등,한식,18,4,7843.75,9072.319201995013,32,401,1
초등,베이커리,16,5,4826.086956521739,3553.8922155688624,23,167,0
고등,베이커리,19,6,8000.0,4479.619565217391,14,368,1
고등,패스트푸드,20,3,6360.0,5375.0,25,788,0
고등,한식,18,2,7870.967741935484,8842.857142857143,31,70,1
고등,양식,16,0,7119.047619047619,11246.42857142857,21,140,1
초등,분식,7,0,4900.0,3644.4444444444443,20,945,1
초등,베이커리,16,0,4937.5,2296.352583586626,16,329,0
고등,한식,17,0,8769.23076923077,8933.92857142857,26,280,1
고등,한식,17,5,8019.2307692307695,12027.60736196319,26,163,0
중등,베이커리,16,5,7320.0,4629.201680672269,25,476,1
고등,한식,18,6,7141.666666666667,8111.328125,12,256,1
중등,양식,12,3,6140.0,8778.032036613273,25,437,1
중등,카페디저트,15,6,6928.571428571428,4387.921653971708,28,919,0
중등,일식,16,6,7833.333333333333,9099.439775910365,21,357,0
고등,한식,16,4,5842.857142857143,7745.1612903225805,35,155,1
중등,일식,18,6,7409.090909090909,8635.678391959798,22,199,0
초등,편의점,15,5,4085.714285714286,2069.8234349919744,14,623,0
중등,일식,17,3,6478.9473684210525,8567.796610169491,19,531,1
초등,베이커리,12,6,7625.0,4270.992366412213,16,131,0
초등,카페디저트,20,6,4895.833333333333,5500.0,24,109,1
기타,카페디저트,16,1,6388.888888888889,5026.785714285715,18,112,1
초등,패스트푸드,15,3,5469.69696969697,6192.37012987013,33,616,1
고등,한식,19,3,7072.0,9519.53125,25,128,0
중등,베이커리,19,1,5138.888888888889,5037.313432835821,18,402,1
중등,카페디저트,15,1,7942.307692307692,4787.465940054496,26,367,0
초등,분식,12,6,6351.851851851852,4314.528593508501,27,647,0
초등,분식,13,2,5729.166666666667,4370.192307692308,24,208,1
초등,분식,12,3,7544.444444444444,4837.912087912088,27,364,0
초등,일식,16,6,5603.846153846154,9296.774193548386,26,155,1
초등,양식,18,6,5875.0,13500.0,16,57,1
기타,한식,12,3,5204.545454545455,7569.583931133429,22,697,0
초등,베이커리,19,2,6431.818181818182,4608.28025477707,22,314,1
초등,한식,20,6,4857.142857142857,9896.396396396396,21,111,0
초등,분식,12,1,4477.272727272727,2676.950998185118,22,551,1
초등,분식,15,2,6320.0,3881.5261044176705,25,1245,0
초등,중식,18,5,7607.142857142857,8142.011834319526,14,169,1
고등,양식,15,3,7714.285714285715,8778.032036613273,28,437,1
고등,한식,18,5,7500.0,12000.0,25,78,1
초등,편의점,15,4,4826.086956521739,2597.3154362416108,23,298,1
고등,프렌차이즈,20,3,6795.454545454545,9208.333333333334,22,48,1
중등,카페디저트,12,5,5533.333333333333,4539.156626506024,30,332,0
중등,카페디저트,15,4,6000.0,4387.921653971708,12,919,0
기타,한식,19,3,9181.818181818182,9896.396396396396,11,111,0
중등,카페디저트,15,5,5500.0,3837.3493975903616,11,83,1
중등,분식,17,1,7071.428571428572,4881.4387211367675,21,1126,1
고등,중식,12,5,8333.333333333334,8139.423076923077,9,104,0
고등,한식,17,5,8472.222222222223,8138.1578947368425,18,76,0
중등,카페디저트,16,5,7568.9655172413795,5750.7836990595615,29,319,0
중등,일식,18,5,6409.090909090909,11535.714285714286,11,56,0
중등,카페디저트,17,5,6560.0,4387.921653971708,25,919,1
기타,한식,17,0,8653.846153846154,8873.75415282392,13,301,0
중등,카페디저트,17,4,6970.588235294118,4387.921653971708,17,919,1
초등,베이커리,13,0,6130.434782608696,4629.201680672269,23,476,0
초등,분식,16,5,5687.5,4434.306569343065,24,137,0
중등,한식,12,5,6803.571428571428,8570.093457943925,28,107,0
중등,마트,17,6,6714.285714285715,5222.323049001815,21,551,1
중등,마트,17,6,7420.0,5222.323049001815,25,551,1
초등,분식,8,0,4730.7692307692305,5007.751937984496,13,516,1
초등,베이커리,8,6,6730.7692307692305,2909.365558912387,13,331,0
중등,카페디저트,16,4,6575.0,4325.949367088608,20,948,1
초등,분식,15,4,5928.571428571428,4875.0,21,336,1
고등,카페디저트,18,3,6383.333333333333,5026.785714285715,30,112,1
초등,카페디저트,16,2,4580.0,4310.661764705882,30,272,1
초등,분식,13,6,6574.074074074074,4071.6911764705883,27,272,0
초등,카페디저트,16,5,6180.0,6225.563909774436,25,133,1
중등,카페디저트,17,6,4576.923076923077,4974.885844748858,13,219,1
중등,분식,17,2,7000.0,3634.8039215686276,18,204,1
고등,일식,18,1,8815.78947368421,10873.015873015873,19,63,0
고등,중식,18,6,7159.090909090909,9571.42857142857,22,56,1
고등,일식,17,4,7370.0,9359.477124183006,10,153,0
고등,중식,18,0,8750.0,11018.867924528302,14,53,1
초등,일식,16,6,6136.363636363636,10056.338028169013,22,71,1
초등,분식,16,5,6192.307692307692,3719.13835956918,13,1207,0
초등,분식,8,3,5911.764705882353,4002.249718785152,17,889,0
초등,한식,8,0,5750.0,9942.567567567568,12,148,0
중등,카페디저트,16,4,6814.814814814815,5154.320987654321,27,81,0
초등,카페디저트,13,6,3710.5263157894738,4238.993710691824,19,318,0
고등,일식,19,4,8100.0,9970.383275261323,30,287,0
기타,베이커리,12,2,6666.666666666667,5710.601719197708,21,349,1
고등,카페디저트,16,5,7465.517241379311,5000.0,29,134,0
초등,베이커리,18,1,4780.0,3930.9210526315787,25,304,0
초등,카페디저트,8,2,6320.0,4325.949367088608,25,948,1
고등,중식,15,2,9531.25,7310.0,16,100,1
중등,분식,8,2,5120.833333333333,4740.116279069767,24,860,0
초등,분식,15,5,5187.5,3644.4444444444443,16,945,0
중등,분식,16,3,7225.0,3682.3529411764707,20,170,0
고등,베이커리,19,5,6500.0,5037.313432835821,24,402,1
중등,일식,15,3,5452.380952380952,7761.290322580645,21,775,0
중등,중식,17,6,5884.615384615385,7112.299465240641,26,187,1
초등,분식,13,4,5940.0,5468.646864686469,25,303,0
중등,카페디저트,16,5,7607.142857142857,4407.942238267148,14,277,0
중등,중식,16,0,7772.727272727273,12250.76923076923,11,325,1
초등,일식,15,4,7250.0,8635.678391959798,20,199,1
초등,분식,15,4,5557.692307692308,5343.373493975903,26,249,1
중등,카페디저트,20,3,6166.666666666667,5941.605839416058,18,137,0
초등,분식,15,1,5875.0,4881.4387211367675,16,1126,0
고등,양식,12,0,7384.615384615385,9733.944954128441,13,109,0
중등,카페디저트,7,5,5921.0526315789475,4520.992366412213,19,262,0
중등,카페디저트,16,6,5700.0,5934.782608695652,10,138,1
초등,한식,20,2,5233.333333333333,9967.548076923076,15,416,1
고등,마트,13,0,7339.285714285715,5222.323049001815,28,551,0
초등,기타,12,3,6300.0,7528.735632183908,10,87,1
중등,일식,17,3,5973.684210526316,9296.774193548386,19,155,0
중등,분식,15,0,5952.380952380952,4495.145631067961,21,206,1
중등,중식,17,0,8175.0,8033.56890459364,20,283,1
고등,한식,13,6,7500.0,8172.588832487309,15,197,1
고등,카페디저트,16,2,7000.0,5686.206896551724,15,290,1
고등,중식,19,2,7303.571428571428,7748.5207100591715,28,169,1
중등,분식,18,4,5850.0,4770.516717325228,30,329,0
중등,패스트푸드,16,5,5562.5,5105.691056910569,24,123,1
고등,일식,12,0,6857.142857142857,10548.429319371728,14,382,0
중등,분식,17,4,5727.272727272727,5954.397394136808,22,307,1
기타,분식,16,1,5700.0,3505.61797752809,32,178,1
고등,일식,8,0,6776.470588235294,10482.608695652174,17,115,1
중등,중식,12,6,7217.391304347826,10055.86592178771,23,179,1
중등,아시안,15,0,6269.2307692307695,8003.90625,26,128,1
초등,분식,12,2,5958.333333333333,4770.516717325228,36,329,0
초등,분식,12,6,4566.666666666667,4002.249718785152,15,889,0
고등,카페디저트,17,1,7306.896551724138,4310.661764705882,29,272,1
초등,아시안,12,5,6024.0,8003.90625,25,128,1
초등,카페디저트,12,2,6413.793103448276,5750.7836990595615,29,319,1
중등,일식,16,3,4440.0,10482.608695652174,20,115,0
초등,카페디저트,15,5,6769.2307692307695,5375.0,13,48,1
고등,중식,19,1,8765.625,9441.176470588236,32,85,1
초등,아시안,18,4,6428.571428571428,8147.058823529412,7,102,0
초등,분식,16,6,5844.827586206897,4770.516717325228,29,329,0
초등,베이커리,17,0,4890.625,3553.8922155688624,32,167,1
초등,분식,17,1,7678.571428571428,3719.13835956918,14,1207,0
고등,한식,19,4,9823.529411764706,13577.464788732394,17,71,1
중등,카페디저트,15,6,5980.0,6505.576208178439,25,269,0
고등,중식,18,4,7388.888888888889,5434.782608695652,18,23,1
고등,일식,18,6,6416.666666666667,9099.439775910365,12,357,0
초등,베이커리,16,5,5193.548387096775,4483.957219251337,31,187,0
중등,카페디저트,16,2,6350.0,5686.206896551724,30,290,1
중등,베이커리,20,3,7129.62962962963,4008.108108108108,27,185,1
초등,중식,16,4,10166.666666666666,12250.76923076923,3,325,1
중등,카페디저트,17,3,7187.5,5557.142857142857,16,245,0
초등,베이커리,16,4,4380.555555555556,3351.1226252158895,36,579,1
기타,베이커리,18,5,7904.761904761905,5550.802139037433,21,187,1
중등,패스트푸드,20,4,6600.0,5920.833333333333,20,480,1
초등,카페디저트,13,0,4760.0,3245.4545454545455,25,110,1
고등,한식,18,0,8607.142857142857,8985.59670781893,14,243,0
초등,분식,12,3,5267.857142857143,3927.2197962154296,28,687,0
초등,분식,16,4,6525.0,3719.13835956918,20,1207,0
중등,한식,13,3,6520.0,7087.786259541985,25,262,1
초등,카페디저트,13,5,7571.428571428572,5750.7836990595615,21,319,1
고등,카페디저트,20,5,6804.347826086957,6505.576208178439,23,269,1
초등,패스트푸드,13,4,3866.6666666666665,5953.91061452514,24,358,0
초등,카페디저트,13,1,4409.090909090909,4482.456140350877,11,57,1
고등,베이커리,16,4,5865.384615384615,4212.5,26,560,1
중등,카페디저트,18,4,5403.225806451613,4325.949367088608,31,948,1
중등,분식,15,5,5586.95652173913,4756.965944272446,23,323,0
초등,베이커리,19,1,4950.0,4212.5,20,560,1
기타,중식,13,6,6714.285714285715,10006.666666666666,14,75,0
기타,카페디저트,17,5,7596.153846153846,4387.921653971708,26,919,0
초등,양식,8,1,4964.285714285715,8373.684210526315,14,95,1
중등,중식,17,6,6461.111111111111,7748.5207100591715,18,169,1
고등,중식,8,0,6875.0,8028.761061946902,16,226,0
중등,일식,13,3,7416.666666666667,11535.714285714286,24,56,0
중등,양식,17,1,6500.0,11246.42857142857,12,140,1
고등,아시안,12,1,7000.0,8339.506172839507,29,81,1
초등,분식,16,0,5738.0952380952385,4881.4387211367675,21,1126,0
중등,중식,16,6,5980.7692307692305,8616.666666666666,26,450,1
고등,한식,17,6,7032.258064516129,8581.87134502924,31,171,0
중등,한식,15,5,6277.777777777777,8933.92857142857,27,280,1
중등,한식,15,4,6772.727272727273,11617.64705882353,22,17,1
초등,한식,19,3,4789.473684210527,9541.07142857143,19,280,1
중등,마트,16,5,7194.444444444444,7731.21387283237,18,173,1
초등,카페디저트,12,6,7437.5,5808.1841432225065,8,782,1
초등,분식,12,6,4441.176470588235,3679.663608562691,17,654,1
고등,일식,20,0,6596.153846153846,11401.960784313726,26,408,1
중등,카페디저트,16,5,6580.0,4387.921653971708,25,919,1
기타,베이커리,12,6,5307.692307692308,4262.962962962963,13,405,1
초등,중식,15,2,6142.857142857143,8616.666666666666,28,450,1
초등,패스트푸드,12,2,4590.0,5953.91061452514,30,358,0
고등,한식,20,6,9823.529411764706,10202.380952380952,17,126,1
고등,아시안,16,0,7416.666666666667,11051.28205128205,24,117,1
초등,패스트푸드,12,0,6952.380952380952,6192.37012987013,21,616,1
중등,분식,17,4,5300.0,2676.950998185118,30,551,1
중등,카페디저트,16,4,6145.1612903225805,4335.365853658536,31,164,1
초등,일식,16,4,5666.666666666667,9072.745901639344,33,488,1
고등,일식,17,2,7150.0,8501.557632398753,20,321,0
초등,베이커리,20,3,6333.333333333333,5123.076923076923,27,195,0
중등,한식,16,1,6570.0,9097.222222222223,20,72,1
초등,한식,12,1,5833.333333333333,7264.619883040936,27,342,0
초등,패스트푸드,12,6,6844.444444444444,8871.207430340557,18,323,1
고등,분식,13,2,5657.894736842105,3679.663608562691,19,654,1
중등,분식,13,5,5888.888888888889,4471.518987341772,18,158,0
중등,베이커리,15,6,7078.9473684210525,4903.409090909091,19,88,1
고등,분식,19,0,6078.9473684210525,3644.4444444444443,19,945,0
중등,일식,18,1,6676.470588235294,9285.714285714286,17,77,0
초등,양식,8,5,5375.0,13500.0,12,57,0
초등,베이커리,16,4,5857.142857142857,5090.848806366048,21,754,0
중등,분식,18,6,6885.0,5954.397394136808,20,307,1
초등,한식,15,3,5435.4838709677415,7924.242424242424,31,33,1
초등,베이커리,16,0,4961.538461538462,5710.601719197708,13,349,0
고등,중식,19,1,8107.142857142857,8033.56890459364,14,283,0
고등,중식,15,5,6307.692307692308,8222.222222222223,13,99,1
고등,카페디저트,19,3,9500.0,5433.823529411765,11,68,1
초등,분식,17,2,5200.0,4028.1293952180026,10,711,0
고등,중식,16,3,8241.379310344828,8033.56890459364,29,283,1
초등,베이커리,15,6,4859.375,4212.5,32,560,1
중등,패스트푸드,20,0,5586.95652173913,6192.37012987013,23,616,1
초등,베이커리,12,6,5485.714285714285,4850.267379679144,35,187,0
고등,카페디저트,19,5,6300.0,4520.992366412213,10,262,1
초등,중식,16,3,8466.666666666666,12250.76923076923,15,325,1
초등,베이커리,17,1,4973.684210526316,2296.352583586626,19,329,0
고등,패스트푸드,12,4,6157.894736842105,5375.0,19,788,1
중등,분식,8,4,6442.307692307692,3845.3237410071943,26,278,0
초등,베이커리,17,5,5916.666666666667,4629.201680672269,18,476,0
초등,분식,18,2,7804.347826086957,3881.5261044176705,23,1245,0
고등,일식,7,6,7260.869565217391,9970.383275261323,23,287,1
고등,일식,16,4,8838.709677419354,9285.714285714286,31,77,0
초등,한식,17,4,5976.923076923077,9519.53125,13,128,0
기타,한식,12,0,7866.666666666667,9410.714285714286,15,308,1
초등,카페디저트,16,6,5900.0,4787.465940054496,25,367,0
초등,한식,16,0,6464.285714285715,8138.1578947368425,14,76,0
중등,분식,16,0,6036.111111111111,4837.912087912088,36,364,1
초등,분식,17,1,5931.818181818182,3881.5261044176705,22,1245,1
중등,분식,17,2,5888.888888888889,3679.663608562691,9,654,0
기타,분식,15,0,7212.5,3723.9077669902913,24,824,0
고등,베이커리,8,0,7142.857142857143,5600.0,14,355,1
중등,분식,16,4,6066.666666666667,3723.9077669902913,21,824,0
초등,패스트푸드,16,3,6958.333333333333,7265.306122448979,12,392,0
고등,한식,20,3,8620.0,9762.295081967213,25,305,1
초등,베이커리,19,1,4507.692307692308,4579.326923076923,26,208,0
초등,패스트푸드,16,0,7153.846153846154,7265.306122448979,13,392,1
초등,카페디저트,15,2,4507.692307692308,4203.488372093023,26,86,1
기타,패스트푸드,19,1,5700.0,5953.91061452514,32,358,0
초등,카페디저트,15,5,5911.764705882353,4539.787798408488,17,377,1
고등,패스트푸드,17,6,6595.238095238095,5375.0,21,788,1
중등,분식,20,5,5924.242424242424,3650.4854368932038,33,206,1
고등,분식,8,3,7339.285714285715,4715.469613259668,28,181,1
초등,분식,8,5,6318.181818181818,4522.857142857143,22,525,0
고등,한식,19,3,7090.909090909091,8881.31313131313,22,198,0
고등,한식,17,3,7578.9473684210525,8776.073619631901,19,163,0
초등,한식,15,4,6750.0,8491.379310344828,16,58,0
초등,일식,16,2,6295.454545454545,9099.439775910365,22,357,1
고등,일식,16,3,8119.047619047619,9984.797297297297,21,296,1
초등,베이커리,16,3,4740.740740740741,5090.848806366048,27,754,1
기타,분식,13,1,6809.523809523809,5227.064220183486,21,218,0
고등,양식,17,0,7190.476190476191,11246.42857142857,21,140,1
고등,베이커리,13,0,6608.695652173913,4212.5,23,560,1
고등,분식,18,3,7274.193548387097,4837.912087912088,31,364,1
초등,한식,13,0,7780.0,9410.714285714286,25,308,0
고등,양식,13,6,7019.2307692307695,8778.032036613273,26,437,1
초등,패스트푸드,15,0,7000.0,7265.306122448979,15,392,0
중등,한식,18,4,7540.0,7976.525821596244,25,426,1
고등,카페디저트,18,5,7136.363636363636,6225.563909774436,11,133,1
초등,분식,12,0,5673.913043478261,2676.950998185118,23,551,0
초등,한식,17,0,6839.285714285715,8751.162790697674,28,215,1
초등,양식,15,2,5423.076923076923,9363.436123348018,13,227,1
중등,카페디저트,13,4,4980.7692307692305,5500.0,26,109,1
기타,정육점,15,3,5711.538461538462,9229.05027932961,26,179,0
기타,마트,13,2,7289.473684210527,7731.21387283237,19,173,0
기타,카페디저트,9,6,7250.0,5557.142857142857,30,245,0
기타,베이커리,18,4,5821.428571428572,2909.365558912387,28,331,1
초등,일식,18,4,7576.923076923077,8501.557632398753,13,321,1
중등,분식,15,3,5576.923076923077,4715.469613259668,13,181,1
중등,분식,16,3,7069.2307692307695,4837.912087912088,26,364,1
고등,카페디저트,16,4,6900.0,5112.244897959184,15,98,1
초등,한식,13,5,7375.0,10460.526315789473,12,76,1
고등,카페디저트,20,6,7468.75,5686.206896551724,16,290,1
고등,한식,17,4,6720.0,7569.583931133429,25,697,1
중등,카페디저트,15,0,6537.037037037037,4801.003344481605,27,299,1
고등,카페디저트,15,4,7650.0,6502.551020408163,30,196,1
초등,중식,13,1,6232.142857142857,8616.666666666666,28,450,0
기타,마트,17,6,6913.793103448276,6404.891304347826,29,184,1
초등,분식,16,5,6619.047619047619,3719.13835956918,21,1207,0
초등,분식,16,2,6200.0,4187.5,19,248,0
초등,분식,16,5,4370.967741935484,3845.3237410071943,31,278,1
초등,한식,15,6,5986.111111111111,8170.103092783505,36,97,0
초등,마트,16,2,5403.846153846154,5222.323049001815,26,551,1
초등,베이커리,15,6,5600.0,2296.352583586626,20,329,1
중등,분식,20,0,5895.238095238095,4715.469613259668,21,181,0
고등,패스트푸드,12,3,6625.0,5920.833333333333,16,480,1
중등,패스트푸드,15,6,6750.0,8526.073619631901,14,326,0
중등,베이커리,19,0,6692.307692307692,4579.326923076923,26,208,1
초등,베이커리,16,0,5137.931034482759,5037.313432835821,29,402,1
초등,마트,15,3,7130.434782608696,5222.323049001815,23,551,0
고등,한식,15,6,7204.0,8881.31313131313,25,198,0
고등,카페디저트,12,1,6718.75,5360.429447852761,32,326,1
기타,한식,8,2,5600.0,10091.836734693878,25,98,0
초등,베이커리,15,5,5500.0,3077.039274924471,19,331,0
중등,한식,19,5,6968.75,11863.387978142076,16,183,1
초등,카페디저트,9,5,6921.0526315789475,4325.949367088608,19,948,1
초등,아시안,16,4,5535.714285714285,9009.615384615385,14,156,1
고등,한식,20,3,8125.0,10500.0,12,9,0
초등,한식,16,2,7307.692307692308,8009.977827050998,13,451,1
초등,아시안,15,6,4916.666666666667,9009.615384615385,24,156,1
중등,패스트푸드,19,1,5038.461538461538,6192.37012987013,13,616,0
초등,베이커리,13,6,4731.25,3351.1226252158895,16,579,0
기타,분식,15,1,5603.571428571428,3650.4854368932038,28,206,0
중등,분식,13,1,5909.090909090909,5227.272727272727,22,176,0
초등,한식,17,4,5514.705882352941,9311.32075471698,34,53,1
고등,정육점,16,0,7403.846153846154,8101.503759398496,26,133,1
중등,중식,17,5,6500.0,10055.86592178771,21,179,1
고등,중식,17,2,7155.172413793103,8267.313019390582,29,361,1
초등,카페디저트,17,3,4690.476190476191,4801.003344481605,21,299,1
고등,카페디저트,17,2,6083.333333333333,3795.343137254902,18,408,1
초등,카페디저트,16,3,4886.363636363636,3553.054662379421,22,311,1
중등,일식,16,1,6947.368421052632,11978.632478632479,19,117,0
중등,카페디저트,17,1,7425.0,5941.605839416058,20,137,0
초등,분식,17,2,5108.695652173913,5007.751937984496,23,516,0
초등,분식,20,2,3960.0,4187.5,20,248,0
고등,양식,19,1,8200.0,11030.0,20,50,1
초등,카페디저트,15,4,5078.125,5112.244897959184,32,98,1
기타,카페디저트,18,2,5700.0,4203.488372093023,32,86,0
초등,분식,13,6,5557.692307692308,5343.373493975903,26,249,1
중등,카페디저트,17,0,9708.333333333334,5557.142857142857,12,245,0
고등,중식,19,2,8241.379310344828,8142.011834319526,29,169,1
초등,한식,15,0,6500.0,9986.348122866893,24,293,0
초등,베이커리,16,1,5152.173913043478,5090.848806366048,23,754,0
고등,카페디저트,19,4,8727.272727272728,5808.1841432225065,11,782,1
초등,분식,15,3,5096.153846153846,5468.646864686469,26,303,0
중등,카페디저트,16,5,8812.5,5808.1841432225065,8,782,0
고등,카페디저트,19,0,5500.0,4539.156626506024,11,332,0
초등,패스트푸드,15,6,7214.285714285715,7265.306122448979,21,392,1
중등,분식,15,3,6919.354838709677,5227.064220183486,31,218,0
초등,기타,16,4,6464.285714285715,8118.343195266272,28,169,1
중등,일식,17,3,10250.0,13243.589743589744,20,39,0
초등,아시안,12,6,5062.5,11051.28205128205,16,117,1
초등,분식,12,6,7630.434782608696,4881.4387211367675,23,1126,1
중등,카페디저트,8,5,7592.857142857143,5173.031496062992,14,508,0
중등,카페디저트,9,2,8230.76923076923,6629.56204379562,13,274,1
중등,카페디저트,17,3,5928.571428571428,3930.851063829787,35,94,1
고등,중식,18,3,9676.470588235294,12250.76923076923,17,325,0
중등,카페디저트,20,4,6555.555555555556,4106.896551724138,18,290,1
중등,분식,17,1,5392.857142857143,4002.249718785152,28,889,1
고등,중식,17,6,7333.333333333333,7112.299465240641,21,187,1
초등,기타,18,1,6307.692307692308,7552.631578947368,13,152,1
고등,한식,18,3,9150.0,13577.464788732394,20,71,0
기타,카페디저트,13,5,8357.142857142857,4238.993710691824,7,318,0
초등,한식,16,4,6232.142857142857,8933.92857142857,28,280,1
고등,카페디저트,16,6,7272.727272727273,4734.375,22,160,0
초등,분식,16,2,5832.0,4922.945205479452,25,292,1
고등,분식,9,6,7156.666666666667,4715.469613259668,30,181,1
기타,한식,13,0,6356.25,8111.328125,16,256,0
중등,베이커리,17,3,6906.25,3930.9210526315787,16,304,1
초등,분식,13,2,6000.0,3644.4444444444443,17,945,0
기타,프렌차이즈,18,0,5821.428571428572,7868.9655172413795,28,145,1
초등,한식,12,2,5722.222222222223,9441.176470588236,18,85,0
중등,분식,15,3,6647.058823529412,4187.5,17,248,0
초등,일식,16,5,6941.176470588235,8501.557632398753,34,321,0
고등,베이커리,19,1,8571.42857142857,4629.201680672269,21,476,1
초등,분식,13,5,4687.5,4002.249718785152,32,889,0
고등,카페디저트,18,5,6312.5,4930.513595166163,8,331,0
초등,한식,12,1,8500.0,9519.53125,10,128,1
중등,카페디저트,12,6,6342.105263157895,4387.921653971708,19,919,0
초등,카페디저트,13,4,4467.741935483871,3843.5374149659865,31,147,1
고등,한식,18,4,8240.0,7264.619883040936,25,342,0
중등,일식,16,0,7535.714285714285,11978.632478632479,14,117,1
고등,한식,20,3,7730.7692307692305,8264.102564102564,13,195,1
기타,분식,15,2,7777.777777777777,3719.13835956918,18,1207,0
중등,카페디저트,13,3,7833.333333333333,6629.56204379562,21,274,1
중등,한식,15,4,6200.0,8985.59670781893,15,243,0
초등,분식,19,6,5550.0,3650.4854368932038,24,206,1
초등,한식,12,3,5588.235294117647,8870.967741935483,17,124,0
중등,일식,18,5,5909.090909090909,8706.697459584295,22,433,0
초등,패스트푸드,17,5,6134.615384615385,6192.37012987013,26,616,0
중등,카페디저트,12,2,7264.705882352941,4765.714285714285,17,175,1
기타,한식,12,5,8615.384615384615,8138.1578947368425,13,76,1
중등,패스트푸드,19,2,6620.689655172414,6192.37012987013,29,616,0
초등,카페디저트,17,5,7400.0,4427.710843373494,15,83,0
초등,베이커리,17,2,5435.4838709677415,4082.278481012658,31,158,1
초등,편의점,16,2,4640.625,2534.013605442177,32,294,0
고등,분식,16,1,5484.615384615385,4715.469613259668,26,181,1
초등,분식,16,3,6136.363636363636,3682.3529411764707,11,170,0
중등,분식,17,3,6560.0,3719.13835956918,25,1207,0
초등,베이커리,18,4,5547.619047619048,5600.0,21,355,1
초등,한식,17,5,8205.882352941177,7976.525821596244,17,426,1
초등,베이커리,13,5,5750.0,4580.168776371308,16,237,0
초등,패스트푸드,12,1,6763.1578947368425,5375.0,19,788,0
중등,카페디저트,18,1,6111.764705882353,4745.1612903225805,34,155,0
기타,분식,12,4,7782.608695652174,4875.0,23,336,1
초등,한식,8,2,6066.666666666667,8547.79411764706,30,272,0
초등,카페디저트,16,5,4133.333333333333,4862.416107382551,15,298,1
초등,분식,7,4,6323.529411764706,4370.192307692308,17,208,0
중등,중식,12,5,6781.25,8335.616438356165,16,73,1
초등,양식,15,2,5394.736842105263,10308.41121495327,19,107,1
중등,양식,18,1,6388.888888888889,8544.262295081968,9,610,1
초등,분식,13,3,6740.0,4314.528593508501,25,647,1
초등,카페디저트,18,5,6220.0,4325.949367088608,25,948,1
고등,카페디저트,16,0,6705.0,5107.142857142857,20,56,1
초등,베이커리,15,6,5119.047619047619,2296.352583586626,21,329,0
고등,카페디저트,18,3,7100.0,4875.0,25,308,1
고등,분식,20,2,5978.260869565217,3719.13835956918,23,1207,1
초등,베이커리,17,3,7027.777777777777,5600.0,18,355,0
고등,한식,12,1,6281.25,7569.583931133429,16,697,0
중등,분식,13,2,7294.444444444444,3723.9077669902913,18,824,0
초등,패스트푸드,16,6,5093.75,5953.91061452514,16,358,0
초등,베이커리,17,4,6375.0,3775.4820936639117,8,363,0
고등,카페디저트,13,5,8379.310344827587,4866.541353383459,29,266,0
초등,분식,17,2,6033.333333333333,5007.751937984496,15,516,1
초등,카페디저트,15,2,6057.142857142857,5000.0,28,134,1
고등,카페디저트,12,2,7190.476190476191,4245.098039215686,21,357,1
기타,중식,13,5,6714.285714285715,8333.333333333334,14,27,1
초등,분식,16,2,5916.666666666667,4187.5,12,248,1
초등,카페디저트,16,6,5096.153846153846,4672.413793103448,26,87,1
중등,한식,19,5,6190.476190476191,8751.162790697674,21,215,1
기타,중식,16,4,5821.428571428572,8267.313019390582,28,361,1
초등,분식,12,5,4740.740740740741,4522.857142857143,27,525,1
초등,한식,16,6,7800.0,8933.92857142857,20,280,0
기타,한식,12,4,5775.0,8614.285714285714,20,70,0
고등,양식,19,2,8384.615384615385,8778.032036613273,13,437,0
고등,카페디저트,17,1,8095.238095238095,4129.62962962963,21,81,0
초등,분식,16,4,6236.8421052631575,5343.373493975903,19,249,1
초등,베이커리,18,3,5514.705882352941,3551.912568306011,34,183,0
초등,베이커리,7,5,6187.5,4627.9826464208245,24,461,0
초등,카페디저트,15,2,7326.086956521739,4866.541353383459,23,266,1
초등,카페디저트,13,0,6338.235294117647,4745.1612903225805,34,155,1
초등,패스트푸드,16,3,7321.428571428572,7265.306122448979,14,392,0
초등,분식,16,0,5509.090909090909,5954.397394136808,22,307,0
초등,베이커리,16,1,6125.0,5600.0,24,355,0
고등,양식,19,3,7129.62962962963,12234.782608695652,27,115,0
고등,카페디저트,18,5,5926.470588235294,4875.0,34,308,1
초등,한식,16,3,7500.0,9072.319201995013,23,401,1
초등,분식,20,5,6717.391304347826,3881.5261044176705,23,1245,1
초등,분식,16,3,5191.428571428572,4495.145631067961,35,206,1
중등,패스트푸드,15,1,6529.411764705882,5375.0,17,788,0
중등,카페디저트,8,5,6035.714285714285,4245.098039215686,14,357,0
중등,분식,19,2,4818.181818181818,3719.13835956918,11,1207,1
중등,한식,13,4,6122.222222222223,9255.681818181818,36,88,0
기타,베이커리,18,5,5078.125,3930.9210526315787,32,304,1
초등,베이커리,15,2,4382.35294117647,3077.039274924471,17,331,0
중등,분식,15,5,6583.333333333333,2676.950998185118,18,551,0
중등,베이커리,19,0,7291.666666666667,4627.9826464208245,12,461,1
초등,베이커리,16,5,6318.181818181818,5090.848806366048,22,754,0
중등,분식,19,2,6366.666666666667,4756.965944272446,15,323,0
고등,일식,18,4,5696.875,8706.697459584295,32,433,0
중등,분식,20,6,5850.0,4770.516717325228,30,329,0
초등,베이커리,15,3,5711.538461538462,5037.313432835821,26,402,0
초등,분식,15,3,4416.666666666667,4740.116279069767,12,860,0
초등,중식,16,0,8062.5,8028.761061946902,16,226,1
초등,분식,17,5,6807.692307692308,5007.751937984496,13,516,0
고등,카페디저트,18,4,5964.285714285715,4325.949367088608,14,948,1
중등,패스트푸드,16,2,7420.0,5920.833333333333,25,480,1
중등,카페디저트,15,5,6456.521739130435,3299.2700729927005,23,137,1
초등,분식,15,3,3873.913043478261,4495.145631067961,23,206,0
고등,중식,16,4,8023.809523809524,7112.359550561798,21,89,0
중등,패스트푸드,16,6,7366.666666666667,8871.207430340557,33,323,1
초등,베이커리,16,4,5477.272727272727,5037.313432835821,22,402,0
초등,베이커리,15,5,5857.142857142857,5090.848806366048,21,754,0
고등,카페디저트,15,6,9354.166666666666,5557.142857142857,24,245,0
고등,한식,13,5,8214.70588235294,10065.573770491803,34,61,1
초등,카페디저트,13,4,4671.428571428572,4959.183673469388,35,98,1
초등,일식,12,3,8105.263157894737,8641.509433962265,19,530,1
초등,카페디저트,15,5,6458.333333333333,4680.0,36,125,0
고등,베이커리,16,5,7500.0,4483.957219251337,20,187,1
고등,중식,18,1,8700.0,8139.423076923077,10,104,0
초등,베이커리,16,6,6673.913043478261,5710.601719197708,23,349,1
중등,한식,15,3,6425.0,8328.947368421053,20,152,1
초등,베이커리,8,4,5634.782608695652,3462.280701754386,23,342,0
초등,한식,16,1,5775.0,10445.054945054944,20,91,1
초등,편의점,12,3,4966.666666666667,2069.8234349919744,18,623,1
기타,한식,9,4,7687.5,12204.225352112677,16,71,1
중등,분식,17,6,5544.117647058823,3927.2197962154296,34,687,1
초등,한식,15,3,6136.363636363636,9981.481481481482,11,54,1
초등,카페디저트,18,5,5725.0,5268.518518518518,40,54,1
고등,분식,18,0,7156.666666666667,5227.272727272727,30,176,1
초등,베이커리,18,6,5480.0,4479.619565217391,20,368,1
중등,일식,16,5,7796.2962962962965,8501.557632398753,27,321,1
고등,정육점,17,1,6250.0,9229.05027932961,24,179,1
고등,한식,8,6,8100.0,9410.714285714286,30,308,0
초등,베이커리,15,6,4704.545454545455,3551.912568306011,22,183,0
고등,양식,19,2,6875.0,8544.262295081968,32,610,1
고등,분식,17,6,6831.578947368421,3723.9077669902913,19,824,1
중등,일식,17,6,6500.0,10000.0,29,76,0
중등,한식,17,3,8175.0,9410.714285714286,20,308,1
초등,분식,16,5,5055.555555555556,5007.751937984496,18,516,0
초등,일식,15,2,5250.0,8928.315412186379,12,279,1
초등,카페디저트,12,3,5410.714285714285,4245.098039215686,28,357,1
초등,편의점,18,2,4681.818181818182,2597.3154362416108,33,298,0
고등,한식,20,3,7285.714285714285,9441.176470588236,14,85,1
고등,일식,16,3,8583.333333333334,9970.383275261323,18,287,0
초등,분식,8,2,4456.521739130435,3679.663608562691,23,654,1
중등,일식,12,6,6361.111111111111,11401.960784313726,18,408,0
초등,베이커리,18,6,5574.074074074074,4549.82206405694,27,281,0
초등,카페디저트,19,6,7729.166666666667,6502.551020408163,24,196,1
고등,카페디저트,19,1,7216.666666666667,5686.206896551724,30,290,0
중등,베이커리,13,1,6171.875,4212.5,32,560,1
고등,카페디저트,12,5,7000.0,3553.054662379421,28,311,0
고등,카페디저트,13,0,8000.0,4787.465940054496,18,367,1
고등,카페디저트,16,6,6911.111111111111,2656.5891472868216,18,258,0
기타,한식,7,0,6788.461538461538,9519.53125,26,128,1
고등,카페디저트,18,3,6500.0,4785.211267605634,14,142,1
고등,일식,19,6,7647.058823529412,10408.695652173914,17,115,0
초등,편의점,13,2,5370.0,2568.3520599250937,10,534,0
중등,일식,19,4,5710.0,10482.608695652174,20,115,0
중등,한식,17,2,4906.25,7569.583931133429,16,697,0
초등,아시안,17,3,6258.064516129032,10739.130434782608,31,23,0
고등,양식,20,0,7961.538461538462,11356.25,13,160,1
초등,분식,16,6,5176.470588235294,3927.2197962154296,17,687,0
초등,분식,13,5,5351.851851851852,5954.397394136808,27,307,1
초등,분식,15,5,6580.0,4002.249718785152,25,889,0
기타,한식,7,4,6788.461538461538,7951.612903225807,26,217,1
고등,일식,19,4,7583.333333333333,11401.960784313726,12,408,0
초등,분식,16,2,6137.931034482759,4881.4387211367675,29,1126,0
초등,분식,17,5,5884.615384615385,3881.5261044176705,13,1245,0
중등,분식,13,2,6229.166666666667,4370.192307692308,24,208,1
초등,편의점,12,0,5130.7692307692305,2568.3520599250937,13,534,0
초등,분식,16,3,7142.857142857143,4881.4387211367675,14,1126,0
중등,베이커리,13,6,7000.0,5550.802139037433,26,187,0
고등,카페디저트,12,4,6815.789473684211,4495.575221238938,19,113,0
초등,베이커리,12,2,3794.1176470588234,4082.278481012658,17,158,0
기타,한식,12,5,5934.782608695652,7569.583931133429,23,697,0
초등,베이커리,12,4,5378.787878787879,5097.744360902256,33,266,1
초등,한식,12,5,7750.0,9986.348122866893,18,293,1
기타,중식,15,5,5965.517241379311,8267.313019390582,29,361,0
중등,한식,16,1,7548.387096774193,9280.346820809249,31,173,1
중등,일식,18,0,7555.555555555556,8635.678391959798,27,199,1
중등,일식,7,5,6115.384615384615,8635.678391959798,13,199,0
초등,베이커리,12,5,4964.285714285715,2896.6244725738397,14,237,0
고등,베이커리,20,2,6976.190476190476,4627.9826464208245,21,461,1
초등,베이커리,17,4,6027.777777777777,5090.848806366048,18,754,0
초등,양식,18,3,7650.0,8778.032036613273,20,437,0
중등,패스트푸드,13,3,5794.117647058823,5920.833333333333,17,480,1
초등,일식,12,0,5134.615384615385,9308.743169398907,26,183,1
중등,분식,15,4,6017.857142857143,4495.145631067961,28,206,0
고등,한식,17,6,7880.0,8503.246753246753,25,154,0
중등,분식,17,0,6045.454545454545,3644.4444444444443,22,945,0
고등,카페디저트,17,1,6800.0,5000.0,15,134,1
초등,분식,16,4,5678.571428571428,4522.857142857143,28,525,0
초등,베이커리,18,0,4724.137931034483,5097.744360902256,29,266,0
중등,카페디저트,20,2,6527.777777777777,4387.921653971708,18,919,1
초등,베이커리,16,6,4380.555555555556,3351.1226252158895,36,579,1
초등,베이커리,12,0,6193.548387096775,4629.201680672269,31,476,1
기타,베이커리,13,5,7904.761904761905,5550.802139037433,21,187,1
중등,카페디저트,17,0,5895.238095238095,5934.782608695652,21,138,1
고등,분식,13,1,7409.090909090909,3644.4444444444443,22,945,1
고등,일식,20,0,7460.0,10548.429319371728,25,382,0
중등,분식,8,3,6160.0,3644.4444444444443,25,945,0
초등,카페디저트,17,4,5619.047619047619,4232.9059829059825,21,234,1
초등,분식,16,6,6870.37037037037,4314.528593508501,27,647,1
초등,기타,15,2,6351.851851851852,7988.571428571428,27,175,0
중등,한식,12,4,6750.0,8933.92857142857,20,280,0
중등,카페디저트,12,4,6066.666666666667,5173.031496062992,21,508,0
중등,베이커리,18,4,6240.0,4212.5,25,560,1
중등,분식,12,1,6142.857142857143,3644.4444444444443,21,945,1
고등,분식,17,1,7460.714285714285,5227.272727272727,28,176,1
기타,분식,18,2,5100.0,4002.249718785152,25,889,0
중등,카페디저트,15,4,7000.0,4974.885844748858,19,219,0
초등,프렌차이즈,13,1,6933.333333333333,7868.9655172413795,15,145,1
중등,한식,15,4,6041.666666666667,9051.28205128205,24,234,1
고등,카페디저트,19,0,6880.952380952381,6244.68085106383,21,235,1
중등,일식,13,2,5928.571428571428,9803.73831775701,14,214,0
고등,정육점,16,3,7636.363636363636,9229.05027932961,22,179,1
중등,패스트푸드,17,0,7694.444444444444,6192.37012987013,18,616,0
초등,분식,17,1,5111.111111111111,2676.950998185118,9,551,0
고등,중식,19,1,8780.0,10270.833333333334,25,216,0
고등,카페디저트,18,3,6815.789473684211,5426.605504587156,19,109,0
초등,한식,16,6,4717.391304347826,8207.692307692309,23,65,1
중등,한식,16,5,7038.461538461538,8933.92857142857,26,280,0
초등,패스트푸드,15,2,5375.0,5375.0,24,788,0
고등,카페디저트,19,0,7092.592592592592,4325.949367088608,27,948,1
초등,베이커리,15,1,3873.913043478261,4008.108108108108,23,185,0
초등,베이커리,15,6,6607.142857142857,3208.029197080292,14,137,1
초등,베이커리,16,1,6660.0,2643.076923076923,25,325,0
중등,한식,20,3,6156.25,11064.220183486239,16,109,1
초등,베이커리,15,3,4466.666666666667,4082.278481012658,15,158,0
초등,중식당,15,5,4223.809523809524,8169.4915254237285,21,177,0
초등,카페디저트,18,3,4933.333333333333,4847.540983606557,15,305,0
초등,베이커리,15,5,4731.25,3351.1226252158895,16,579,0
고등,패스트푸드,17,3,7520.833333333333,5375.0,24,788,1
초등,일식,17,2,6136.363636363636,10056.338028169013,22,71,1
중등,패스트푸드,16,5,6366.666666666667,6192.37012987013,15,616,0
초등,베이커리,17,5,5100.0,3952.5547445255474,15,137,0
고등,중식,19,3,8351.851851851852,10055.86592178771,27,179,0
중등,패스트푸드,18,2,6907.407407407408,5375.0,27,788,1
고등,일식,13,3,9593.75,10548.429319371728,32,382,1
중등,일식,15,5,5469.69696969697,8928.315412186379,33,279,0
고등,카페디저트,18,5,8541.666666666666,5808.1841432225065,12,782,1
중등,분식,17,4,7194.444444444444,4881.4387211367675,18,1126,0
중등,일식,17,4,5176.470588235294,7761.290322580645,17,775,1
초등,한식,16,5,8357.142857142857,8500.0,14,93,1
초등,베이커리,18,6,5962.962962962963,4903.409090909091,27,88,0
중등,일식,13,6,6300.0,8567.796610169491,15,531,1
중등,일식,20,2,6590.909090909091,7761.290322580645,22,775,0
초등,분식,15,0,6800.0,3881.5261044176705,25,1245,0
고등,분식,20,3,6615.384615384615,3644.4444444444443,26,945,0
중등,분식,17,1,7264.705882352941,5227.064220183486,17,218,0
초등,베이커리,15,5,5400.0,4627.9826464208245,15,461,1
중등,일식,17,4,10250.0,8641.509433962265,8,530,0
고등,카페디저트,19,5,7468.75,6505.576208178439,32,269,1
초등,카페디저트,12,3,7641.666666666667,5173.031496062992,12,508,0
초등,베이커리,15,2,5380.0,5090.848806366048,25,754,0
기타,분식,19,0,6613.636363636364,3735.9813084112147,22,214,1
중등,한식,17,6,7795.454545454545,7880.5970149253735,22,67,1
중등,분식,16,5,5590.909090909091,4740.116279069767,11,860,0
고등,양식,12,3,7458.333333333333,8544.262295081968,12,610,0
초등,분식,15,0,4687.5,3644.4444444444443,32,945,1
고등,일식,12,0,7916.666666666667,8815.217391304348,24,92,0
초등,패스트푸드,17,2,5166.666666666667,8526.073619631901,15,326,1
고등,아시안,18,5,6800.0,9009.615384615385,15,156,1
기타,아시안,12,0,4928.125,8339.506172839507,32,81,1
중등,분식,19,0,7187.5,3881.5261044176705,16,1245,0
고등,양식,20,4,8590.47619047619,11528.03738317757,21,107,0
고등,중식,16,1,6738.0952380952385,7112.299465240641,21,187,0
중등,패스트푸드,17,1,4842.105263157895,6192.37012987013,19,616,0
중등,중식,16,3,8906.25,10270.833333333334,16,216,1
초등,아시안,13,0,5035.714285714285,8339.506172839507,28,81,1
중등,카페디저트,17,3,7166.666666666667,6629.56204379562,15,274,1
중등,분식,16,5,8066.666666666667,3719.13835956918,15,1207,1
고등,한식,18,3,8810.0,8640.30612244898,10,196,0
중등,카페디저트,16,3,5875.0,3843.5374149659865,16,147,1
초등,분식,16,6,6156.25,3735.9813084112147,32,214,0
중등,일식,18,4,8285.714285714286,12033.527696793002,14,343,1
초등,패스트푸드,16,0,5111.111111111111,8250.0,36,678,0
중등,한식,17,2,7100.0,8009.977827050998,20,451,1
고등,분식,16,1,7303.571428571428,3723.9077669902913,28,824,1
초등,편의점,15,0,4995.238095238095,2568.3520599250937,21,534,0
초등,일식,16,0,5833.333333333333,7761.290322580645,27,775,1
초등,베이커리,12,0,5630.7692307692305,3462.280701754386,26,342,0
고등,일식,12,1,8661.538461538461,8567.796610169491,13,531,0
중등,카페디저트,19,6,5516.129032258064,4875.0,31,308,1
초등,베이커리,17,5,5318.181818181818,3775.4820936639117,11,363,0
초등,분식,15,6,5189.6551724137935,3927.2197962154296,29,687,0
고등,베이커리,12,3,3866.6666666666665,2296.352583586626,15,329,1
중등,베이커리,18,0,8636.363636363636,5710.601719197708,11,349,0
초등,분식,17,4,5821.428571428572,3881.5261044176705,28,1245,1
초등,분식,8,5,6705.555555555556,4187.5,18,248,0
중등,한식,12,1,8269.23076923077,9072.319201995013,13,401,0
초등,패스트푸드,16,0,4040.0,8250.0,25,678,0
초등,베이커리,17,3,4404.761904761905,3208.029197080292,21,137,0
고등,카페디저트,19,4,7333.333333333333,4225.490196078431,21,255,0
초등,분식,13,2,5583.333333333333,3719.13835956918,6,1207,0
중등,카페디저트,16,2,5259.259259259259,4564.9819494584835,27,277,1
초등,분식,12,5,4161.9047619047615,4821.808510638298,21,188,0
초등,분식,19,4,5519.2307692307695,3845.3237410071943,26,278,1
초등,중식,8,5,5863.636363636364,10270.833333333334,33,216,1
중등,카페디저트,16,5,6400.0,4539.787798408488,10,377,0
고등,중식,16,6,7239.130434782609,9441.176470588236,23,85,0
초등,한식,8,2,5375.0,11593.103448275862,32,145,0
고등,카페디저트,17,6,6500.0,4325.949367088608,14,948,0
고등,일식,20,3,8200.0,8860.0,25,125,0
초등,한식,13,2,6076.923076923077,9967.548076923076,26,416,1
초등,패스트푸드,15,3,5377.777777777777,8526.073619631901,27,326,0
초등,한식,15,0,7229.166666666667,8262.5,24,80,1
초등,기타,12,0,6300.0,7528.735632183908,10,87,1
중등,분식,15,4,6300.0,3634.8039215686276,15,204,1
초등,카페디저트,13,3,5643.478260869565,5935.0,23,100,1
초등,일식,12,2,6187.5,9984.797297297297,24,296,0
초등,분식,17,6,5516.666666666667,4522.857142857143,30,525,1
초등,베이커리,12,2,4406.25,4082.278481012658,16,158,0
초등,베이커리,12,4,5130.7692307692305,4008.108108108108,13,185,0
중등,분식,19,4,6400.0,5343.373493975903,30,249,0
중등,패스트푸드,16,1,6595.238095238095,5375.0,21,788,1
고등,카페디저트,20,1,5741.935483870968,6429.203539823009,31,226,1
중등,카페디저트,15,4,5875.0,4106.896551724138,16,290,1
고등,분식,19,1,7437.5,4370.192307692308,8,208,1
중등,베이커리,19,6,6894.736842105263,4627.9826464208245,19,461,1
초등,한식,15,0,6892.307692307692,7905.857740585774,13,239,1
초등,베이커리,18,2,5475.0,4549.82206405694,20,281,0
고등,패스트푸드,19,0,6652.173913043478,5920.833333333333,23,480,1
고등,양식,9,4,7460.0,8544.262295081968,25,610,1
중등,한식,16,6,5843.75,8751.162790697674,16,215,1
초등,패스트푸드,15,3,6300.0,7265.306122448979,15,392,0
고등,카페디저트,12,2,6722.222222222223,4875.0,18,308,1
고등,일식,12,0,6500.0,8706.697459584295,14,433,0
고등,중식,19,4,8666.666666666666,8139.423076923077,12,104,1
중등,카페디저트,17,1,5710.526315789473,4564.417177914111,19,326,1
고등,일식,13,3,7236.363636363636,9359.477124183006,22,153,0
초등,분식,16,3,6083.333333333333,4881.4387211367675,24,1126,0
고등,일식,18,5,10625.0,8641.509433962265,12,530,1
초등,패스트푸드,13,6,5138.888888888889,6192.37012987013,18,616,0
초등,카페디저트,15,6,5708.333333333333,3245.4545454545455,24,110,1
중등,일식,13,3,9312.5,8641.509433962265,16,530,1
초등,일식,12,0,9916.666666666666,8641.509433962265,6,530,1
고등,분식,20,1,7687.5,5227.272727272727,16,176,1
초등,패스트푸드,16,3,7176.470588235294,7265.306122448979,17,392,0
초등,분식,15,2,5596.153846153846,4770.516717325228,26,329,0
고등,일식,18,5,6652.173913043478,11401.960784313726,23,408,0
중등,일식,17,1,8000.0,7660.714285714285,24,84,0
중등,카페디저트,19,5,7704.545454545455,4495.575221238938,22,113,1
중등,분식,17,5,5740.0,3723.9077669902913,15,824,0
초등,분식,15,0,4456.521739130435,3679.663608562691,23,654,1
초등,아시안,7,6,8021.0526315789475,9048.387096774193,19,62,1
중등,한식,15,4,6931.818181818182,8500.0,22,93,0
고등,마트,13,1,6761.9047619047615,5222.323049001815,21,551,1
고등,한식,16,3,8000.0,9967.548076923076,14,416,1
중등,분식,17,2,6550.0,4875.0,20,336,0
중등,분식,12,1,7695.652173913043,4471.518987341772,23,158,1
중등,카페디저트,15,3,4500.0,4238.993710691824,15,318,0
고등,카페디저트,20,1,7931.0344827586205,5500.0,29,109,0
고등,한식,17,5,6500.0,8000.0,11,192,0
초등,패스트푸드,17,3,4736.8421052631575,6192.37012987013,19,616,0
초등,카페디저트,18,2,5795.454545454545,4539.787798408488,22,377,1
중등,한식,18,1,6350.0,9280.346820809249,30,173,1
고등,카페디저트,20,1,8050.0,4387.921653971708,10,919,0
중등,카페디저트,12,6,5984.375,4801.003344481605,32,299,0
초등,일식,15,5,6923.076923076923,8815.217391304348,13,92,1
고등,한식,19,6,7720.588235294118,7924.242424242424,34,33,1
초등,분식,13,4,6705.555555555556,4922.945205479452,18,292,0
중등,분식,17,6,5650.0,3719.13835956918,20,1207,0
초등,편의점,13,3,4507.692307692308,2568.3520599250937,26,534,0
중등,카페디저트,19,3,7482.142857142857,4495.575221238938,28,113,0
고등,한식,18,1,7100.0,8413.24200913242,13,219,0
초등,베이커리,15,2,5000.0,3208.029197080292,27,137,1
초등,베이커리,16,4,6460.0,4629.201680672269,25,476,0
중등,분식,18,4,6795.454545454545,4875.0,22,336,1
중등,카페디저트,13,6,6800.0,6770.27027027027,30,74,0
중등,한식,17,3,6500.0,9621.212121212122,15,132,0
중등,카페디저트,17,6,5051.724137931034,6429.203539823009,29,226,0
초등,한식,15,0,7222.222222222223,8396.296296296296,18,135,0
고등,카페디저트,7,4,6175.0,4564.9819494584835,20,277,0
초등,분식,16,0,6653.846153846154,3927.2197962154296,13,687,0
고등,카페디저트,20,6,5350.0,4801.003344481605,20,299,1
초등,분식,15,4,4435.4838709677415,3927.2197962154296,31,687,0
고등,카페디저트,19,2,8343.75,4225.490196078431,16,255,0
초등,분식,13,3,7000.0,3719.13835956918,13,1207,0
고등,분식,20,0,7270.37037037037,4622.093023255814,27,258,1
초등,한식,16,5,5800.0,9072.319201995013,25,401,0
중등,카페디저트,17,6,4805.0,4862.416107382551,20,298,1
초등,한식,17,6,5972.222222222223,9280.346820809249,18,173,1
초등,카페디저트,16,3,5300.0,5095.588235294118,25,68,1
중등,카페디저트,15,6,6977.272727272727,4325.949367088608,22,948,0
초등,한식,15,0,5282.608695652174,8172.588832487309,23,197,1
중등,카페디저트,16,3,6300.0,6297.029702970297,25,101,0
고등,중식,16,5,8593.75,8616.666666666666,16,450,1
초등,편의점,16,0,4290.476190476191,2568.3520599250937,21,534,0
중등,카페디저트,15,1,6057.692307692308,6244.68085106383,26,235,1
고등,카페디저트,16,4,6145.833333333333,4325.949367088608,24,948,1
고등,카페디저트,18,0,6900.0,4387.921653971708,20,919,0
고등,한식,18,0,8750.0,8870.967741935483,12,124,0
초등,패스트푸드,17,2,5558.823529411765,5375.0,17,788,0
중등,한식,18,3,7300.0,8500.0,25,93,0
고등,일식,13,1,9340.90909090909,13243.589743589744,22,39,1
초등,분식,9,6,4684.0,4740.116279069767,25,860,0
중등,한식,20,5,9384.615384615385,10445.054945054944,13,91,1
중등,아시안,15,5,7147.058823529412,8147.058823529412,17,102,1
초등,베이커리,12,4,6285.714285714285,4262.962962962963,21,405,1
중등,카페디저트,16,4,5865.384615384615,6053.846153846154,26,260,0
중등,일식,17,6,6794.117647058823,8706.697459584295,17,433,0
고등,카페디저트,17,4,7190.476190476191,5360.429447852761,21,326,0
초등,베이커리,17,2,6318.181818181818,5710.601719197708,22,349,1
고등,한식,19,5,7819.047619047619,13018.75,21,80,0
중등,분식,16,3,3833.3333333333335,4002.249718785152,15,889,1
초등,분식,13,0,4448.484848484848,4821.808510638298,33,188,0
초등,한식,13,2,5925.0,9064.516129032258,20,279,0
고등,양식,19,1,6590.909090909091,9733.944954128441,11,109,0
초등,분식,19,0,5187.5,4876.344086021505,32,186,0
초등,한식,15,2,6428.571428571428,7931.137724550898,14,167,1
고등,분식,19,5,5464.285714285715,3644.4444444444443,14,945,1
초등,한식,12,6,7309.523809523809,7951.612903225807,21,217,1
초등,한식,16,4,6735.294117647059,9072.319201995013,17,401,0
중등,한식,20,5,5909.090909090909,8328.947368421053,22,152,1
중등,한식,17,4,7673.913043478261,7264.619883040936,23,342,1
초등,한식,15,0,6338.235294117647,7745.1612903225805,34,155,1
고등,베이커리,16,0,6958.333333333333,3131.8289786223277,24,421,1
고등,양식,16,1,8463.636363636364,11528.03738317757,11,107,1
초등,분식,12,1,4692.857142857143,4495.145631067961,28,206,0
중등,분식,17,3,7129.166666666667,3989.0510948905107,24,137,0
초등,분식,15,1,4960.0,4881.4387211367675,25,1126,0
초등,분식,12,1,5435.4838709677415,4770.516717325228,31,329,0
초등,분식,15,1,4681.818181818182,4071.6911764705883,33,272,0
초등,편의점,15,3,4880.7692307692305,2069.8234349919744,26,623,0
고등,카페디저트,19,3,6350.0,4232.9059829059825,20,234,1
기타,분식,13,2,5973.684210526316,4881.4387211367675,19,1126,1
초등,아시안,13,3,4448.484848484848,8339.506172839507,33,81,1
기타,분식,18,3,7033.333333333333,4875.0,30,336,0
초등,카페디저트,15,4,8950.0,5808.1841432225065,10,782,1
초등,분식,15,4,5002.857142857143,4821.808510638298,35,188,0
고등,한식,17,0,7304.347826086957,9061.83745583039,23,283,0
고등,한식,18,6,7150.0,9559.171597633136,20,169,1
고등,카페디저트,19,0,6352.941176470588,5095.588235294118,17,68,1
고등,일식,20,4,7428.571428571428,8248.427672955975,21,159,1
중등,베이커리,16,5,5469.69696969697,3131.8289786223277,33,421,1
초등,베이커리,17,4,5657.575757575758,4483.957219251337,33,187,0
고등,카페디저트,13,6,8785.714285714286,6502.551020408163,14,196,1
중등,베이커리,16,5,5243.243243243243,3131.8289786223277,37,421,1
기타,한식,12,5,6571.428571428572,8182.5842696629215,14,178,1
초등,베이커리,15,2,5875.0,4629.201680672269,12,476,1
초등,분식,17,3,5016.666666666667,4522.857142857143,30,525,1
초등,한식,18,0,5894.444444444444,7951.612903225807,18,217,0
초등,분식,17,4,4750.0,3650.4854368932038,22,206,0
초등,패스트푸드,15,4,7284.210526315789,8871.207430340557,19,323,1
초등,일식,16,0,6300.0,8860.0,10,125,1
중등,카페디저트,16,3,5857.142857142857,4225.490196078431,14,255,0
초등,패스트푸드,18,2,5193.548387096775,8250.0,31,678,1
고등,양식,13,1,7982.142857142857,11524.390243902439,28,41,1
초등,베이커리,12,2,5764.705882352941,4608.28025477707,17,314,0
초등,베이커리,15,5,5062.5,5037.313432835821,16,402,0
중등,분식,16,5,7033.333333333333,2676.950998185118,15,551,0
고등,분식,19,2,9035.714285714286,4028.1293952180026,14,711,1
중등,패스트푸드,13,3,8772.727272727272,6192.37012987013,11,616,0
기타,분식,16,5,5205.882352941177,4002.249718785152,17,889,0
초등,카페디저트,8,3,4708.333333333333,4238.993710691824,12,318,1
고등,카페디저트,18,2,8181.818181818182,4520.992366412213,11,262,0
초등,베이커리,16,3,6866.666666666667,3551.912568306011,15,183,0
중등,카페디저트,15,4,7116.666666666667,6505.576208178439,30,269,1
중등,한식,16,6,7333.333333333333,8955.696202531646,12,79,1
초등,분식,16,5,3641.176470588235,4740.116279069767,17,860,0
중등,분식,17,1,6636.363636363636,4622.093023255814,11,258,1
초등,분식,16,1,4692.307692307692,3679.663608562691,13,654,1
고등,한식,16,5,8368.421052631578,11863.387978142076,19,183,0
중등,한식,17,3,7020.833333333333,8375.0,24,84,1
기타,한식,9,4,6947.368421052632,9128.57142857143,19,105,1
중등,양식,17,6,7500.0,11356.25,13,160,1
중등,카페디저트,17,3,5364.864864864865,4801.003344481605,37,299,1
중등,카페디저트,16,0,5431.0344827586205,4245.098039215686,29,357,1
초등,카페디저트,12,3,4529.411764705882,4866.541353383459,17,266,1
고등,마트,16,0,8055.555555555556,6404.891304347826,9,184,1
기타,카페디저트,17,0,6466.666666666667,3724.137931034483,15,29,1
초등,베이커리,16,1,4925.0,5097.744360902256,20,266,0
중등,한식,19,4,5500.0,10377.272727272728,17,110,1
고등,중식,16,1,7947.368421052632,10006.666666666666,19,75,0
중등,카페디저트,17,2,5021.739130434783,4787.465940054496,23,367,0
초등,카페디저트,17,5,4717.948717948718,5935.0,39,100,1
고등,일식,18,3,8000.0,11401.960784313726,18,408,0
고등,한식,19,5,8954.545454545454,8640.30612244898,22,196,0
중등,일식,16,2,7038.461538461538,7761.290322580645,13,775,0
중등,카페디저트,15,3,6136.363636363636,4325.949367088608,22,948,0
중등,일식,17,1,8272.727272727272,8567.796610169491,11,531,0
초등,패스트푸드,17,4,4522.727272727273,5920.833333333333,22,480,0
기타,분식,13,0,5156.0,4495.145631067961,25,206,0
중등,아시안,17,2,6526.315789473684,11051.28205128205,19,117,1
고등,한식,18,4,8051.724137931034,10065.573770491803,29,61,1
초등,일식,17,4,9088.235294117647,8641.509433962265,17,530,1
중등,카페디저트,15,2,4900.0,3553.054662379421,15,311,0
중등,베이커리,12,3,7675.0,4262.962962962963,20,405,1
초등,베이커리,17,0,4462.962962962963,3930.9210526315787,27,304,0
고등,일식,18,4,7157.894736842105,11477.777777777777,19,90,0
초등,편의점,16,5,4825.0,2069.8234349919744,20,623,0
고등,패스트푸드,17,3,7222.222222222223,5375.0,27,788,1
고등,카페디저트,19,4,7680.0,4787.465940054496,25,367,0
초등,한식,15,4,6043.478260869565,8614.285714285714,23,70,1
중등,일식,16,0,9718.75,12033.527696793002,16,343,1
초등,분식,16,1,5980.7692307692305,3735.9813084112147,26,214,1
초등,편의점,16,3,4883.870967741936,2568.3520599250937,31,534,0
중등,일식,16,0,6750.0,8706.697459584295,14,433,1
중등,카페디저트,20,4,6190.476190476191,4866.541353383459,21,266,1
중등,카페디저트,17,3,5517.857142857143,4335.365853658536,28,164,1
초등,분식,12,5,5639.130434782609,3505.61797752809,23,178,0
고등,카페디저트,19,5,6857.142857142857,3925.925925925926,14,81,1
초등,베이커리,16,0,6675.0,4627.9826464208245,20,461,0
초등,카페디저트,15,2,4362.068965517241,4520.992366412213,29,262,1
고등,일식,17,3,8750.0,8706.697459584295,24,433,1
초등,카페디저트,13,6,6409.090909090909,4325.949367088608,11,948,1
고등,중식,18,0,7428.571428571428,12948.57142857143,14,175,0
고등,한식,13,6,6625.0,7569.583931133429,16,697,1
고등,카페디저트,17,2,7410.714285714285,5750.7836990595615,28,319,0
초등,중식,9,1,4704.0,7112.299465240641,25,187,0
기타,양식,17,0,6585.714285714285,8544.262295081968,35,610,1
중등,카페디저트,19,2,7000.0,4875.0,18,308,0
초등,분식,13,0,6861.111111111111,3723.9077669902913,18,824,1
초등,분식,13,0,3873.913043478261,4471.518987341772,23,158,0
중등,일식,12,3,5692.307692307692,9072.745901639344,26,488,1
초등,기타,16,3,6113.636363636364,8118.343195266272,22,169,1
고등,분식,20,4,6680.0,3719.13835956918,25,1207,1
고등,일식,17,5,7650.0,8635.678391959798,30,199,0
중등,한식,16,3,6857.142857142857,7931.137724550898,7,167,1
초등,베이커리,13,6,5296.428571428572,4479.619565217391,28,368,1
초등,베이커리,12,1,5275.0,2896.6244725738397,20,237,0
중등,카페디저트,16,2,6772.727272727273,3925.925925925926,22,81,0
초등,베이커리,13,3,5825.0,2896.6244725738397,20,237,0
초등,베이커리,16,6,5038.461538461538,4627.9826464208245,13,461,1
초등,카페디저트,12,4,5631.578947368421,4847.540983606557,19,305,1
중등,카페디저트,7,0,5527.777777777777,3837.3493975903616,18,83,1
고등,한식,19,0,7708.333333333333,12103.448275862069,12,58,0
고등,양식,18,5,7473.684210526316,11356.25,19,160,0
고등,중식,17,2,7863.636363636364,12250.76923076923,22,325,0
고등,카페디저트,19,0,6540.0,4106.896551724138,25,290,0
고등,일식,12,3,7434.782608695652,8860.0,23,125,1
중등,베이커리,17,6,5793.103448275862,2643.076923076923,29,325,1
고등,한식,19,3,7416.666666666667,9072.319201995013,12,401,1
고등,카페디저트,16,6,5976.190476190476,6679.166666666667,21,120,0
고등,카페디저트,17,1,6214.285714285715,4564.9819494584835,14,277,1
기타,분식,12,2,6133.333333333333,3723.9077669902913,15,824,0
초등,중식,16,5,7250.0,8457.142857142857,26,70,0
기타,한식,12,5,6585.714285714285,9967.548076923076,35,416,0
초등,한식,12,2,6500.0,7951.612903225807,18,217,1
고등,카페디저트,17,1,6590.909090909091,4407.942238267148,11,277,0
중등,카페디저트,20,0,6470.588235294118,4930.513595166163,17,331,1
초등,일식,20,3,3831.25,10140.718562874252,16,167,1
초등,베이커리,17,3,4127.272727272727,3351.1226252158895,11,579,0
초등,베이커리,16,5,4636.363636363636,5090.848806366048,11,754,0
중등,분식,18,6,5903.225806451613,4821.808510638298,31,188,0
중등,일식,12,0,7214.285714285715,11435.185185185184,14,108,0
중등,분식,17,3,5916.666666666667,3650.4854368932038,30,206,0
중등,양식,13,0,6125.0,9142.857142857143,16,98,1
고등,카페디저트,20,6,6350.0,4539.156626506024,20,332,1
중등,한식,13,3,6772.413793103448,9519.53125,29,128,1
초등,일식,16,1,5653.846153846154,8815.217391304348,13,92,1
중등,베이커리,12,0,7586.95652173913,4262.962962962963,23,405,1
중등,한식,19,3,6280.0,8640.30612244898,15,196,1
초등,베이커리,17,5,4595.0,3351.1226252158895,20,579,0
중등,일식,15,4,6300.0,8706.697459584295,25,433,0
기타,분식,17,6,6230.0,3723.9077669902913,20,824,0
고등,카페디저트,19,4,6717.391304347826,4020.0,23,275,0
고등,카페디저트,20,0,6738.0952380952385,4225.490196078431,21,255,1
초등,분식,17,6,6950.0,3719.13835956918,10,1207,0
초등,편의점,12,3,4883.870967741936,2568.3520599250937,31,534,0
초등,분식,12,4,3694.4444444444443,3679.663608562691,18,654,1
초등,패스트푸드,16,2,5625.0,5375.0,20,788,1
기타,프렌차이즈,15,5,7326.923076923077,7868.9655172413795,26,145,0
초등,카페디저트,16,1,6884.615384615385,5090.909090909091,13,33,0
고등,양식,8,1,11250.0,13500.0,28,57,1
중등,분식,15,6,4642.307692307692,3723.9077669902913,26,824,1
고등,베이커리,20,1,7074.074074074074,4580.168776371308,27,237,1
고등,카페디저트,17,0,6300.0,5173.031496062992,9,508,0
초등,카페디저트,16,3,6483.333333333333,3299.2700729927005,36,137,1
초등,카페디저트,17,0,6550.0,4866.541353383459,20,266,1
중등,한식,15,6,7129.166666666667,8640.30612244898,24,196,1
기타,한식,16,3,6888.888888888889,8413.24200913242,9,219,0
기타,한식,15,0,6875.0,8503.246753246753,20,154,0
초등,카페디저트,18,0,4479.166666666667,4245.098039215686,24,357,1
고등,분식,19,4,6300.0,4740.116279069767,8,860,1
중등,패스트푸드,8,4,6666.666666666667,8250.0,24,678,0
초등,중식,17,6,6088.888888888889,8329.545454545454,18,176,0
초등,마트,15,3,4952.380952380952,5222.323049001815,21,551,1
고등,중식,16,3,8352.941176470587,8520.0,17,75,0
고등,아시안,12,0,7400.0,9523.809523809523,20,42,1
초등,분식,17,4,6078.9473684210525,3719.13835956918,19,1207,0
기타,패스트푸드,16,6,6585.714285714285,5375.0,35,788,1
기타,한식,13,0,7333.333333333333,9410.714285714286,18,308,1
초등,편의점,16,5,5958.333333333333,2534.013605442177,36,294,0
초등,분식,15,4,5978.260869565217,3881.5261044176705,23,1245,1
고등,카페디저트,19,4,8222.222222222223,4377.906976744186,18,86,1
초등,베이커리,17,4,6266.666666666667,5090.848806366048,15,754,1
초등,패스트푸드,19,6,5833.333333333333,6192.37012987013,27,616,0
고등,양식,15,3,7846.153846153846,10320.89552238806,13,67,1
중등,카페디저트,16,6,5944.444444444444,5934.782608695652,18,138,1
기타,베이커리,18,1,5821.428571428572,5090.848806366048,28,754,0
초등,베이커리,15,1,5850.0,4580.168776371308,20,237,0
중등,카페디저트,20,6,5928.571428571428,3930.851063829787,35,94,1
중등,한식,16,6,6305.555555555556,8009.708737864078,18,103,1
고등,카페디저트,16,5,6750.0,4245.098039215686,26,357,1
중등,카페디저트,18,1,5071.428571428572,4387.921653971708,7,919,1
초등,베이커리,18,6,6295.454545454545,5090.848806366048,22,754,1
초등,분식,15,6,5119.047619047619,4028.1293952180026,21,711,1
초등,분식,16,4,5724.137931034483,3644.4444444444443,29,945,0
고등,일식,18,6,7193.548387096775,8706.697459584295,31,433,0
고등,카페디저트,12,4,8386.363636363636,4238.993710691824,22,318,1
초등,분식,16,5,4850.0,3644.4444444444443,30,945,1
기타,한식,12,6,6714.285714285715,11585.365853658537,14,41,0
초등,일식,16,2,4367.64705882353,9072.745901639344,34,488,1
초등,분식,16,1,4632.35294117647,4875.0,34,336,0
고등,카페디저트,19,1,7400.0,5026.785714285715,15,112,0
초등,분식,15,0,6233.333333333333,4881.4387211367675,15,1126,1
초등,분식,16,2,4823.529411764706,4922.945205479452,17,292,0
초등,분식,15,3,4818.181818181818,2676.950998185118,22,551,1
초등,분식,16,6,5718.75,4622.093023255814,16,258,0
중등,카페디저트,17,2,6809.523809523809,6629.56204379562,21,274,1
고등,카페디저트,19,0,9810.0,5173.031496062992,10,508,0
초등,한식,12,4,5153.846153846154,8306.451612903225,26,62,0
고등,중식,19,5,7410.714285714285,10055.86592178771,28,179,0
중등,마트,16,1,5259.259259259259,6404.891304347826,27,184,1
초등,마트,15,5,4442.307692307692,6404.891304347826,26,184,0
초등,분식,7,3,6500.0,3682.3529411764707,26,170,1
고등,양식,19,5,7423.076923076923,9363.436123348018,26,227,1
기타,카페디저트,17,5,5196.969696969697,4232.9059829059825,33,234,1
고등,카페디저트,18,5,9131.578947368422,4495.575221238938,19,113,0
기타,카페디저트,13,2,6828.125,4325.949367088608,32,948,1
고등,분식,19,6,7708.333333333333,5007.751937984496,12,516,1
중등,카페디저트,13,2,5645.1612903225805,4847.540983606557,31,305,0
초등,카페디저트,16,0,5840.0,6502.551020408163,25,196,0
중등,일식,13,0,4619.047619047619,11401.960784313726,21,408,1
초등,카페디저트,13,2,5588.235294117647,4787.465940054496,17,367,1
초등,베이커리,15,0,5351.851851851852,5710.601719197708,27,349,1
중등,기타,16,4,6115.384615384615,7528.735632183908,26,87,1
초등,양식,13,3,7156.25,8778.032036613273,16,437,1
초등,패스트푸드,16,5,5725.0,8250.0,40,678,1
초등,일식,16,0,8105.263157894737,12033.527696793002,19,343,1
중등,한식,12,2,5175.0,10202.380952380952,20,126,0
초등,한식,17,4,9687.5,11514.285714285714,8,35,1
고등,카페디저트,18,3,6400.0,4930.513595166163,22,331,1
고등,카페디저트,18,6,6083.333333333333,4801.003344481605,18,299,1
고등,카페디저트,19,4,6250.0,3795.343137254902,24,408,1
중등,분식,15,5,6160.0,4314.528593508501,25,647,1
중등,카페디저트,12,0,6944.444444444444,5433.823529411765,27,68,0
초등,분식,8,6,5375.0,2676.950998185118,32,551,0
초등,편의점,16,2,5782.608695652174,2534.013605442177,23,294,0
고등,중식,12,6,6900.0,7112.359550561798,15,89,0
초등,양식,16,2,5634.782608695652,9142.857142857143,23,98,0
초등,한식,18,5,5538.461538461538,10202.380952380952,26,126,1
중등,카페디저트,18,1,6083.333333333333,6225.563909774436,6,133,0
초등,분식,17,2,7304.347826086957,3881.5261044176705,23,1245,0
초등,한식,16,5,5576.923076923077,12027.60736196319,13,163,1
초등,양식,20,3,7214.285714285715,10215.686274509804,21,51,1
중등,분식,18,6,5327.272727272727,3723.9077669902913,11,824,1
초등,분식,17,6,5500.0,3719.13835956918,12,1207,0
고등,카페디저트,18,4,8966.666666666666,4847.540983606557,15,305,0
초등,한식,16,5,4952.380952380952,7569.583931133429,21,697,0
초등,베이커리,13,2,3550.0,3351.1226252158895,14,579,0
중등,한식,17,2,6666.666666666667,10561.40350877193,18,57,1
초등,베이커리,17,4,7194.444444444444,4629.201680672269,18,476,1
초등,중식,7,6,7937.5,8142.011834319526,16,169,1
고등,일식,20,1,8615.384615384615,10000.0,13,76,1
초등,패스트푸드,16,4,6750.0,8871.207430340557,32,323,1
중등,분식,7,3,7500.0,4002.249718785152,15,889,0
기타,카페디저트,17,4,7125.0,4862.416107382551,8,298,1
중등,일식,13,6,8100.0,9803.73831775701,10,214,0
고등,기타,15,1,7454.545454545455,7988.571428571428,22,175,0
초등,한식,12,6,7550.0,7951.612903225807,12,217,1
중등,아시안,16,4,6980.7692307692305,11086.538461538461,26,156,1
중등,카페디저트,12,4,5882.608695652174,2656.5891472868216,23,258,1
고등,카페디저트,16,3,7636.363636363636,6502.551020408163,11,196,0
초등,베이커리,19,1,6464.285714285715,4549.82206405694,28,281,0
초등,일식,17,2,9333.333333333334,9984.797297297297,12,296,1
고등,중식,16,3,7916.666666666667,8222.222222222223,24,99,0
고등,카페디저트,19,0,7923.076923076923,4875.0,26,308,0
초등,분식,15,5,4678.571428571428,4522.857142857143,14,525,0
고등,한식,18,0,7090.909090909091,8111.328125,22,256,1
중등,한식,18,5,6365.714285714285,7745.1612903225805,35,155,1
중등,일식,12,0,7750.0,9812.5,16,136,0
초등,베이커리,17,2,5000.0,4850.267379679144,27,187,0
초등,베이커리,15,2,7607.142857142857,4627.9826464208245,14,461,1
중등,한식,19,2,5928.571428571428,8264.102564102564,21,195,1
중등,카페디저트,13,6,5156.25,4387.921653971708,16,919,1
고등,중식,8,5,8636.363636363636,10270.833333333334,22,216,0
고등,카페디저트,16,5,5484.615384615385,6679.166666666667,26,120,1
중등,카페디저트,12,5,5364.864864864865,4875.0,37,308,1
초등,베이커리,16,0,5096.774193548387,5037.313432835821,31,402,1
초등,분식,13,2,5782.608695652174,3644.4444444444443,23,945,1
기타,편의점,16,1,4722.222222222223,2069.8234349919744,18,623,0
초등,피자,16,1,6093.75,7931.0344827586205,16,58,1
초등,분식,16,1,5554.8387096774195,4622.093023255814,31,258,0
고등,양식,18,3,6668.75,11168.60465116279,16,172,0
고등,카페디저트,17,4,8250.0,5808.1841432225065,10,782,1
중등,카페디저트,16,1,4440.0,4930.513595166163,20,331,1
고등,중식,18,4,7500.0,9441.176470588236,20,85,1
초등,분식,12,3,5182.35294117647,4922.945205479452,17,292,0
초등,중식,16,3,5789.473684210527,8142.011834319526,19,169,1
초등,한식,12,2,6904.761904761905,9280.346820809249,21,173,1
중등,일식,12,6,7946.428571428572,11435.185185185184,28,108,0
초등,분식,15,4,5348.484848484848,2676.950998185118,33,551,1
중등,카페디저트,20,5,5403.225806451613,4325.949367088608,31,948,1
초등,마트,16,2,4522.727272727273,5222.323049001815,22,551,1
초등,베이커리,13,4,6000.0,4262.962962962963,9,405,0
초등,카페디저트,16,5,5078.125,5112.244897959184,32,98,1
초등,한식,16,4,6109.375,8751.162790697674,32,215,1
초등,베이커리,16,1,4442.307692307692,2296.352583586626,26,329,1
초등,베이커리,18,5,4367.64705882353,4212.5,34,560,1
초등,기타,16,1,4937.5,8118.343195266272,16,169,1
고등,양식,8,0,5944.444444444444,10016.393442622952,9,61,0
중등,한식,17,1,6631.578947368421,8306.451612903225,19,62,1
고등,기타,13,5,8034.482758620689,6942.622950819672,29,61,1
초등,분식,16,0,6454.545454545455,4881.4387211367675,11,1126,0
고등,일식,18,1,6583.333333333333,8635.678391959798,18,199,1
기타,카페디저트,12,0,4722.222222222223,4310.661764705882,18,272,1
고등,한식,20,5,8529.411764705883,10540.0,17,50,0
중등,분식,20,2,7666.666666666667,4314.528593508501,33,647,1
고등,마트,8,3,10111.111111111111,7731.21387283237,9,173,1
초등,패스트푸드,15,2,5462.962962962963,5920.833333333333,27,480,1
초등,카페디저트,16,6,5258.064516129032,4847.540983606557,31,305,1
초등,분식,15,2,4479.166666666667,2676.950998185118,24,551,0
초등,한식,12,2,6340.0,8873.75415282392,25,301,1
초등,베이커리,17,4,5093.75,5710.601719197708,16,349,1
초등,일식,12,0,5038.461538461538,9984.797297297297,13,296,1
중등,분식,15,0,5392.857142857143,3644.4444444444443,28,945,1
고등,분식,12,6,6078.9473684210525,4002.249718785152,19,889,1
초등,한식,17,4,5857.142857142857,7951.612903225807,14,217,0
중등,카페디저트,16,5,6280.0,4245.098039215686,25,357,0
중등,일식,17,5,7220.0,8501.557632398753,25,321,1
초등,카페디저트,19,0,8300.0,5808.1841432225065,10,782,1
고등,한식,17,6,8625.0,7910.569105691057,16,123,0
중등,일식,18,4,9159.09090909091,9099.439775910365,22,357,1
중등,카페디저트,19,4,5570.0,4862.416107382551,10,298,0
초등,카페디저트,15,6,6035.714285714285,4238.993710691824,14,318,0
중등,분식,17,3,7316.666666666667,4881.4387211367675,30,1126,1
중등,일식,19,2,7916.666666666667,8501.557632398753,18,321,1
중등,양식,12,1,6130.434782608696,11270.440251572327,23,159,1
기타,일식,12,0,8428.57142857143,7761.290322580645,14,775,1
초등,일식,12,1,6533.333333333333,9285.714285714286,15,77,1
고등,프렌차이즈,20,6,8653.846153846154,7868.9655172413795,13,145,1
초등,한식,13,4,5729.166666666667,8751.162790697674,24,215,0
초등,편의점,17,5,5002.857142857143,2568.3520599250937,35,534,0
초등,베이커리,17,1,5633.333333333333,4479.619565217391,21,368,1
초등,분식,17,4,4462.962962962963,4028.1293952180026,27,711,0
고등,분식,15,5,7071.428571428572,4028.1293952180026,14,711,1
초등,베이커리,15,4,7229.166666666667,2977.832512315271,24,203,0
고등,양식,17,1,7725.0,9142.857142857143,20,98,0
초등,아시안,19,0,6078.9473684210525,11051.28205128205,19,117,0
초등,카페디저트,18,1,5000.0,4245.098039215686,26,357,1
중등,카페디저트,17,2,7800.0,4539.787798408488,15,377,0
중등,일식,16,1,7150.0,9970.383275261323,20,287,1
초등,분식,16,6,5447.368421052632,4881.4387211367675,19,1126,0
고등,일식,19,0,8173.076923076923,10895.522388059702,26,67,0
초등,양식,12,6,6071.428571428572,13125.0,14,100,1
중등,분식,15,5,5604.166666666667,4028.1293952180026,24,711,0
초등,아시안,17,2,7645.833333333333,7682.692307692308,24,52,1
초등,베이커리,16,1,6884.615384615385,2909.365558912387,26,331,0
기타,카페디저트,13,5,4860.0,4564.9819494584835,25,277,0
초등,베이커리,16,4,4250.0,5090.848806366048,18,754,0
초등,한식,19,4,6480.0,9986.348122866893,25,293,0
초등,베이커리,16,5,6312.5,4262.962962962963,16,405,0
기타,한식,12,1,5596.153846153846,7910.569105691057,26,123,0
중등,분식,15,5,5833.333333333333,4314.528593508501,15,647,1
초등,양식,12,3,6320.0,8778.032036613273,25,437,1
고등,한식,7,5,8000.0,9519.53125,15,128,1
초등,정육점,18,6,5423.076923076923,8101.503759398496,13,133,0
중등,카페디저트,15,3,6500.0,4801.003344481605,16,299,0
초등,패스트푸드,16,1,6867.857142857143,8871.207430340557,28,323,0
초등,카페디저트,15,0,5844.827586206897,4377.906976744186,29,86,1
중등,카페디저트,19,6,5500.0,3843.5374149659865,13,147,0
초등,분식,16,6,4937.5,3650.4854368932038,24,206,0
중등,한식,15,3,5300.0,8985.59670781893,30,243,1
중등,카페디저트,12,5,6350.0,5750.7836990595615,30,319,1
중등,분식,16,4,5814.814814814815,4881.4387211367675,27,1126,1
중등,한식,18,4,7800.0,8172.588832487309,15,197,1
초등,분식,12,5,7125.0,3682.3529411764707,20,170,0
초등,분식,16,2,6769.2307692307695,3723.9077669902913,13,824,0
중등,베이커리,17,2,6525.0,4627.9826464208245,20,461,1
중등,카페디저트,20,4,6980.7692307692305,5686.206896551724,26,290,1
중등,카페디저트,15,1,7777.777777777777,4020.0,18,275,0
고등,일식,16,5,9593.75,8248.427672955975,16,159,0
초등,분식,17,2,4227.777777777777,3883.8582677165355,18,254,0
중등,일식,15,6,8285.714285714286,8641.509433962265,14,530,1
중등,베이커리,15,1,7142.857142857143,3930.9210526315787,14,304,1
고등,카페디저트,19,3,6880.952380952381,6244.68085106383,21,235,1
고등,중식,12,4,7333.333333333333,7112.299465240641,21,187,1
초등,분식,16,3,5942.307692307692,3845.3237410071943,26,278,0
초등,한식,18,3,6129.62962962963,8570.093457943925,27,107,1
고등,한식,20,3,7931.0344827586205,8009.708737864078,29,103,0
고등,중식,13,0,8071.428571428572,12250.76923076923,14,325,0
기타,카페디저트,12,4,6642.857142857143,4801.003344481605,14,299,1
중등,한식,17,6,7053.846153846154,8454.022988505747,26,87,1
초등,한식,16,2,5850.0,7569.583931133429,20,697,1
초등,카페디저트,16,0,6391.304347826087,4564.417177914111,23,326,1
초등,베이커리,20,4,4758.620689655172,3131.8289786223277,29,421,1
초등,패스트푸드,17,0,5906.25,7265.306122448979,16,392,0
고등,분식,18,6,6652.173913043478,3644.4444444444443,23,945,1
기타,카페디저트,7,1,8382.35294117647,5808.1841432225065,17,782,1
중등,카페디저트,16,1,6694.444444444444,4166.666666666667,18,153,1
중등,분식,13,5,7642.857142857143,4314.528593508501,21,647,0
고등,카페디저트,19,3,7620.689655172414,4866.541353383459,29,266,0
고등,양식,19,3,7714.285714285715,8778.032036613273,28,437,1
초등,분식,16,3,5108.695652173913,2676.950998185118,23,551,1
초등,카페디저트,15,4,6281.25,4564.417177914111,16,326,1
초등,분식,12,4,5648.148148148148,4770.516717325228,27,329,0
중등,중식,12,4,7772.727272727273,8616.666666666666,22,450,1
초등,베이커리,16,4,7333.333333333333,3553.8922155688624,18,167,0
중등,베이커리,15,0,6310.3448275862065,2296.352583586626,29,329,0
초등,분식,17,3,4375.0,3845.3237410071943,24,278,1
중등,카페디저트,15,0,5928.571428571428,3245.4545454545455,35,110,0
고등,분식,17,4,6486.8421052631575,4837.912087912088,38,364,1
중등,일식,19,1,4908.0,10140.718562874252,25,167,0
초등,카페디저트,13,0,6979.166666666667,4734.375,24,160,1
초등,중식,17,5,6125.0,8028.761061946902,28,226,1
초등,패스트푸드,16,5,6142.857142857143,8250.0,21,678,1
초등,분식,7,3,4950.0,3679.663608562691,20,654,1
고등,양식,19,1,8815.78947368421,11524.390243902439,19,41,0
초등,한식,15,6,7333.333333333333,8776.073619631901,15,163,1
고등,카페디저트,17,1,6180.0,5112.244897959184,25,98,0
중등,일식,15,6,5968.181818181818,9359.477124183006,22,153,0
초등,분식,12,4,4941.176470588235,3650.4854368932038,17,206,1
중등,카페디저트,17,3,5928.571428571428,3930.851063829787,35,94,1
초등,베이커리,18,1,6676.470588235294,4850.267379679144,17,187,0
중등,베이커리,16,6,7333.333333333333,2909.365558912387,12,331,1
초등,패스트푸드,13,6,5272.727272727273,8250.0,22,678,0
초등,아시안,15,6,7645.833333333333,7682.692307692308,24,52,1
고등,한식,17,4,7000.0,7087.786259541985,28,262,0
초등,카페디저트,17,4,4172.727272727273,4862.416107382551,22,298,1
고등,일식,12,1,9338.461538461539,10314.814814814816,13,135,0
고등,한식,19,2,7657.894736842105,11363.636363636364,19,77,1
중등,분식,16,5,7125.0,4622.093023255814,8,258,0
중등,카페디저트,13,1,6944.444444444444,5941.605839416058,27,137,0
중등,일식,13,4,6773.913043478261,8567.796610169491,23,531,0
초등,편의점,12,5,5544.444444444444,2069.8234349919744,27,623,0
초등,패스트푸드,15,1,5791.666666666667,8250.0,12,678,0
중등,카페디저트,16,3,5417.64705882353,4930.513595166163,17,331,1
초등,분식,16,4,5000.0,4522.857142857143,26,525,1
고등,한식,18,0,8000.0,9967.548076923076,13,416,1
초등,분식,12,4,5111.111111111111,4071.6911764705883,36,272,0
고등,일식,20,6,7285.714285714285,7761.290322580645,21,775,1
초등,베이커리,16,1,4479.166666666667,5090.848806366048,24,754,1
초등,분식,15,3,6357.142857142857,3881.5261044176705,14,1245,1
고등,카페디저트,17,4,6739.130434782609,6053.846153846154,23,260,1
중등,일식,16,4,5900.0,10548.429319371728,15,382,1
초등,카페디저트,16,2,7354.166666666667,5498.251748251748,24,286,0
초등,카페디저트,12,3,7035.294117647059,5173.031496062992,17,508,0
고등,카페디저트,12,3,6766.666666666667,4387.921653971708,15,919,1
중등,아시안,13,2,6000.0,8003.90625,21,128,1
초등,한식,13,5,7461.538461538462,9064.516129032258,13,279,0
고등,일식,19,6,7950.0,9296.774193548386,20,155,0
초등,분식,17,4,5002.857142857143,5227.272727272727,35,176,1
중등,분식,12,2,5953.333333333333,4740.116279069767,15,860,0
중등,카페디저트,17,3,6839.285714285715,6429.203539823009,28,226,0
중등,분식,12,5,6017.857142857143,4715.469613259668,28,181,1
초등,카페디저트,16,4,6780.0,5498.251748251748,25,286,1
초등,베이커리,9,5,6826.086956521739,4627.9826464208245,23,461,1
기타,한식,8,6,8142.857142857143,9986.348122866893,21,293,0
고등,분식,13,1,7642.857142857143,4471.518987341772,14,158,1
초등,한식,15,0,7615.384615384615,7931.137724550898,13,167,1
중등,카페디저트,12,3,5588.235294117647,4801.003344481605,17,299,1
초등,분식,15,0,4975.0,3679.663608562691,20,654,1
중등,중식,12,3,6583.333333333333,8267.313019390582,18,361,1
기타,베이커리,17,0,7382.35294117647,5550.802139037433,17,187,0
중등,한식,15,2,6978.260869565217,8570.093457943925,23,107,1
중등,일식,13,6,6944.444444444444,10046.875,27,64,1
중등,일식,15,6,7138.888888888889,9970.383275261323,18,287,1
초등,분식,15,3,4705.555555555556,4922.945205479452,18,292,0
초등,카페디저트,17,5,4021.7391304347825,3930.851063829787,23,94,1
기타,양식,7,5,5937.5,9363.436123348018,24,227,1
중등,분식,16,2,5178.571428571428,5343.373493975903,14,249,0
초등,분식,15,5,4817.391304347826,3883.8582677165355,23,254,0
초등,분식,15,2,4875.0,4071.6911764705883,20,272,0
초등,일식,17,2,5000.0,8928.315412186379,20,279,1
기타,일식,17,1,6666.666666666667,13418.560606060606,21,264,1
중등,카페디저트,19,4,5403.225806451613,4325.949367088608,31,948,1
중등,분식,17,5,5910.0,3723.9077669902913,20,824,0
초등,분식,15,6,5608.695652173913,4522.857142857143,23,525,1
중등,한식,17,4,5675.0,9986.348122866893,20,293,0
고등,카페디저트,18,1,7284.615384615385,4225.490196078431,13,255,0
고등,카페디저트,17,6,5222.222222222223,3245.4545454545455,18,110,1
초등,분식,16,0,4952.380952380952,3644.4444444444443,21,945,0
중등,베이커리,18,6,6739.130434782609,4262.962962962963,23,405,1
초등,베이커리,16,1,5900.0,3131.8289786223277,35,421,0
초등,중식,17,2,5129.032258064516,8017.857142857143,31,28,0
고등,카페디저트,19,3,7272.727272727273,4387.921653971708,11,919,1
중등,카페디저트,20,2,5589.285714285715,4377.906976744186,28,86,1
고등,카페디저트,12,4,6333.333333333333,4325.949367088608,9,948,1
중등,분식,16,6,6529.411764705882,4002.249718785152,17,889,1
초등,분식,7,5,5310.3448275862065,4881.4387211367675,29,1126,0
초등,베이커리,16,6,5630.7692307692305,4479.619565217391,26,368,0
초등,한식,15,5,7333.333333333333,9072.319201995013,12,401,1
중등,카페디저트,16,2,5403.846153846154,4325.949367088608,26,948,1
초등,분식,12,5,6934.782608695652,3881.5261044176705,23,1245,0
초등,분식,12,2,5678.571428571428,4171.130952380952,14,336,0
중등,한식,18,0,7833.333333333333,7931.137724550898,21,167,0
중등,카페디저트,12,2,7916.666666666667,4387.921653971708,12,919,0
초등,일식,16,4,7093.75,8641.509433962265,16,530,1
초등,정육점,17,3,4818.181818181818,9229.05027932961,22,179,1
기타,중식,16,5,8428.57142857143,8028.761061946902,14,226,0
초등,패스트푸드,19,6,7500.0,7265.306122448979,10,392,0
초등,분식,13,4,6976.190476190476,3881.5261044176705,21,1245,0
초등,카페디저트,16,5,5375.0,6429.203539823009,12,226,0
고등,중식,18,6,8210.526315789473,8222.222222222223,19,99,0
고등,한식,19,3,7628.571428571428,8413.24200913242,21,219,0
기타,일식,16,2,7636.363636363636,8641.509433962265,11,530,1
중등,한식,18,1,7317.64705882353,7745.1612903225805,17,155,1
초등,분식,7,4,6791.666666666667,3719.13835956918,24,1207,1
초등,일식,12,2,4485.714285714285,10482.608695652174,28,115,1
고등,아시안,19,3,8074.074074074074,8003.90625,27,128,1
중등,베이커리,16,0,6700.0,4143.6781609195405,15,174,1
초등,일식,9,4,7172.413793103448,10448.795180722891,29,166,1
중등,카페디저트,15,6,6000.0,4387.921653971708,7,919,0
고등,중식,18,3,6938.0952380952385,7469.072164948454,21,97,0
초등,분식,15,5,7150.0,3723.9077669902913,10,824,0
초등,베이커리,16,1,6285.714285714285,4627.9826464208245,21,461,0
초등,베이커리,13,3,4363.636363636364,2909.365558912387,22,331,0
중등,분식,9,4,6066.666666666667,3723.9077669902913,21,824,0
고등,일식,12,5,5657.894736842105,9072.745901639344,19,488,1
중등,한식,15,2,6120.689655172414,7976.525821596244,29,426,1
중등,베이커리,18,1,5425.0,4479.619565217391,20,368,1
고등,한식,17,5,7892.857142857143,8581.87134502924,14,171,1
중등,카페디저트,12,1,6289.473684210527,4520.992366412213,19,262,0
중등,일식,19,3,10812.5,13418.560606060606,8,264,1
초등,분식,16,3,5886.363636363636,4881.4387211367675,22,1126,0
초등,분식,17,0,4975.0,3679.663608562691,20,654,1
초등,카페디저트,16,4,5348.484848484848,5360.429447852761,33,326,1
중등,카페디저트,15,4,4846.153846153846,4564.417177914111,26,326,1
중등,한식,15,0,5676.470588235294,8751.162790697674,17,215,1
초등,분식,13,6,4704.0,3883.8582677165355,25,254,1
초등,분식,12,2,6484.375,4876.344086021505,32,186,0
초등,분식,15,5,4522.727272727273,4002.249718785152,22,889,0
중등,카페디저트,19,0,6706.896551724138,4325.949367088608,29,948,0
고등,일식,17,0,7035.714285714285,10552.910052910052,28,189,1
중등,카페디저트,17,6,5041.666666666667,4959.183673469388,12,98,1
중등,일식,19,2,6240.0,9072.745901639344,25,488,1
초등,한식,12,1,6846.153846153846,8009.977827050998,13,451,0
초등,한식,15,6,6522.727272727273,9072.319201995013,22,401,1
중등,일식,12,2,6633.333333333333,7761.290322580645,15,775,0
초등,한식,16,3,7638.888888888889,9621.212121212122,18,132,0
중등,한식,19,3,5843.75,8751.162790697674,16,215,1
고등,베이커리,8,1,6500.0,5037.313432835821,24,402,1
초등,한식,18,3,5269.2307692307695,8985.59670781893,26,243,0
중등,카페디저트,13,2,6047.619047619048,4564.9819494584835,21,277,1
고등,양식,12,2,6181.818181818182,11270.440251572327,11,159,0
초등,편의점,19,6,4103.333333333333,2069.8234349919744,30,623,0
고등,양식,18,0,7893.939393939394,12234.782608695652,33,115,1
초등,한식,12,1,4166.666666666667,8111.328125,30,256,1
중등,카페디저트,13,0,6400.0,4866.541353383459,30,266,1
초등,베이커리,12,5,6458.333333333333,5123.076923076923,36,195,0
중등,한식,16,5,5875.0,9541.07142857143,24,280,1
고등,카페디저트,16,3,7615.384615384615,3837.3493975903616,26,83,0
중등,한식,18,3,8590.90909090909,9061.83745583039,11,283,0
초등,패스트푸드,16,0,4313.636363636364,8526.073619631901,22,326,0
중등,카페디저트,19,2,6333.333333333333,4325.949367088608,18,948,1
초등,베이커리,15,6,5400.0,5097.744360902256,20,266,1
고등,일식,18,3,7625.0,8601.694915254237,12,177,0
고등,카페디저트,12,5,7833.333333333333,5183.098591549296,15,71,1
초등,베이커리,15,5,6043.478260869565,4850.267379679144,23,187,1
중등,한식,16,2,5392.857142857143,7569.583931133429,28,697,1
중등,일식,17,5,5092.0,10140.718562874252,25,167,1
초등,일식,16,3,6300.0,8567.796610169491,30,531,1
초등,분식,12,0,5000.0,4875.0,18,336,0
고등,분식,18,3,6360.0,4002.249718785152,25,889,1
초등,패스트푸드,19,4,5630.434782608696,8250.0,23,678,0
중등,카페디저트,13,1,7000.0,4801.003344481605,20,299,1
초등,한식,9,2,7413.04347826087,9255.681818181818,23,88,1
고등,중식,19,5,8425.925925925925,8457.142857142857,27,70,1
고등,카페디저트,17,4,6642.857142857143,6297.029702970297,14,101,1
초등,아시안,12,1,7645.833333333333,7682.692307692308,24,52,1
초등,분식,13,4,5531.25,4187.5,16,248,1
중등,기타,19,5,8423.076923076924,7552.631578947368,13,152,1
초등,분식,12,3,7645.833333333333,3881.5261044176705,24,1245,0
초등,편의점,15,2,3425.0,2069.8234349919744,16,623,1
중등,분식,16,6,4894.736842105263,4002.249718785152,19,889,1
고등,중식,19,2,7281.25,12250.76923076923,16,325,1
기타,일식,16,1,4937.5,9072.745901639344,16,488,1
초등,베이커리,16,2,4909.090909090909,3603.6585365853657,22,164,0
중등,분식,15,5,4447.368421052632,5468.646864686469,19,303,1
초등,베이커리,18,0,4980.0,5037.313432835821,25,402,0
중등,카페디저트,13,2,6318.181818181818,4672.413793103448,11,87,0
중등,분식,15,3,6400.0,5227.064220183486,30,218,0
기타,일식,12,4,7354.166666666667,7660.714285714285,24,84,1
초등,카페디저트,15,0,5055.555555555556,4387.921653971708,18,919,1
고등,일식,20,3,9710.526315789473,8641.509433962265,19,530,1
초등,중식,16,6,6357.142857142857,8616.666666666666,14,450,0
고등,한식,17,4,8369.565217391304,11863.387978142076,23,183,1
초등,베이커리,16,2,4777.777777777777,4143.6781609195405,18,174,1
초등,카페디저트,19,6,5443.75,4785.211267605634,32,142,1
고등,한식,16,4,7000.0,8547.79411764706,15,272,0
중등,패스트푸드,16,3,6777.777777777777,5375.0,9,788,1
고등,양식,16,3,7055.555555555556,11270.440251572327,9,159,0
고등,카페디저트,12,3,6583.333333333333,5498.251748251748,18,286,1
기타,한식,19,4,6940.0,8873.75415282392,25,301,0
초등,카페디저트,19,5,6694.444444444444,5686.206896551724,18,290,1
고등,카페디저트,16,5,7150.0,4673.913043478261,20,92,1
초등,분식,16,0,6000.0,3883.8582677165355,14,254,1
고등,일식,17,5,6258.620689655172,9072.745901639344,29,488,0
중등,일식,12,6,7976.190476190476,9984.797297297297,21,296,1
고등,카페디저트,18,5,7500.0,4387.921653971708,22,919,0
초등,베이커리,7,4,5435.4838709677415,4082.278481012658,31,158,1
중등,중식,16,4,6190.476190476191,8028.761061946902,21,226,1
초등,카페디저트,17,2,6000.0,4325.949367088608,24,948,0
초등,분식,15,1,5500.0,3719.13835956918,23,1207,1
고등,카페디저트,12,1,9531.25,4495.575221238938,16,113,0
초등,베이커리,16,1,4684.0,3351.1226252158895,25,579,0
중등,카페디저트,16,1,6117.64705882353,4407.942238267148,17,277,0
초등,베이커리,8,2,5554.8387096774195,3462.280701754386,31,342,0
고등,일식,15,4,8481.481481481482,13418.560606060606,27,264,0
기타,한식,18,4,8500.0,8503.246753246753,12,154,1
초등,편의점,12,1,4709.090909090909,2568.3520599250937,33,534,1
초등,분식,15,4,6554.545454545455,3723.9077669902913,22,824,0
고등,분식,16,0,7970.588235294118,3644.4444444444443,17,945,1
중등,분식,15,0,5944.444444444444,4821.808510638298,18,188,1
중등,한식,15,6,9119.047619047618,8009.977827050998,21,451,1
중등,분식,16,0,6772.727272727273,4522.857142857143,11,525,1
고등,카페디저트,17,2,7017.857142857143,6770.27027027027,28,74,0
기타,한식,18,5,7260.869565217391,8009.977827050998,23,451,1
중등,베이커리,16,5,6155.172413793103,4850.267379679144,29,187,1
초등,한식,17,1,7522.727272727273,8873.75415282392,22,301,0
초등,베이커리,12,4,4580.0,3351.1226252158895,30,579,0
초등,중식,15,3,10400.0,12250.76923076923,10,325,1
고등,마트,17,1,7820.0,5222.323049001815,25,551,1
고등,중식,15,3,7019.2307692307695,8616.666666666666,26,450,1
초등,카페디저트,7,1,4288.461538461538,3795.343137254902,26,408,0
초등,패스트푸드,18,5,4523.529411764706,5953.91061452514,34,358,0
초등,한식,19,1,7384.615384615385,9072.319201995013,13,401,1
고등,카페디저트,17,5,7433.333333333333,4387.921653971708,15,919,1
고등,양식,18,0,9420.0,11168.60465116279,20,172,1
초등,베이커리,12,5,5269.2307692307695,2896.6244725738397,13,237,0
고등,일식,13,6,8653.846153846154,11978.632478632479,13,117,0
초등,분식,15,6,5666.666666666667,3927.2197962154296,15,687,0
초등,베이커리,18,3,5117.64705882353,2896.6244725738397,17,237,0
초등,베이커리,17,2,5875.0,4629.201680672269,12,476,1
고등,일식,17,6,8026.315789473684,9099.439775910365,19,357,0
초등,패스트푸드,18,5,4895.833333333333,6192.37012987013,24,616,0
고등,한식,12,5,6241.935483870968,9541.07142857143,31,280,1
고등,중식,12,0,5696.875,7469.072164948454,32,97,0
고등,양식,16,6,7980.0,8778.032036613273,25,437,1
초등,베이커리,17,2,5216.666666666667,4608.28025477707,30,314,0
초등,한식,12,5,4634.615384615385,8306.451612903225,26,62,1
초등,카페디저트,17,6,4696.428571428572,4862.416107382551,28,298,1
중등,카페디저트,16,6,4739.130434782609,3843.5374149659865,23,147,1
중등,분식,13,5,6500.0,4314.528593508501,21,647,0
고등,한식,18,1,7895.833333333333,11117.021276595744,24,47,1
초등,분식,16,1,5409.090909090909,4875.0,33,336,1
중등,분식,17,0,5814.814814814815,4881.4387211367675,27,1126,1
고등,일식,18,2,8250.0,8641.509433962265,10,530,1
초등,패스트푸드,15,1,6500.0,5920.833333333333,30,480,0
초등,분식,17,4,4638.888888888889,4071.6911764705883,18,272,0
고등,한식,17,6,8733.333333333334,7910.569105691057,15,123,1
초등,카페디저트,17,0,5300.0,3553.054662379421,10,311,1
중등,분식,16,0,7045.454545454545,3881.5261044176705,22,1245,0
초등,일식,13,3,6870.37037037037,8501.557632398753,27,321,1
초등,분식,15,2,5461.538461538462,4002.249718785152,26,889,1
초등,카페디저트,12,4,7523.809523809524,5808.1841432225065,21,782,1
초등,한식,15,1,5196.0,8111.328125,25,256,1
초등,분식,15,5,6730.7692307692305,3719.13835956918,13,1207,0
고등,기타,18,1,8200.0,7528.735632183908,30,87,1
초등,카페디저트,19,0,7571.428571428572,5686.206896551724,21,290,0
고등,중식,13,6,7354.166666666667,7112.359550561798,24,89,0
고등,분식,16,5,6625.0,4002.249718785152,16,889,1
초등,편의점,15,2,6043.478260869565,2597.3154362416108,23,298,0
중등,분식,12,6,6160.0,4314.528593508501,25,647,1
중등,카페디저트,16,2,5600.0,3245.4545454545455,20,110,1
기타,카페디저트,13,3,4700.0,4238.993710691824,5,318,1
고등,중식,17,2,8369.565217391304,8616.666666666666,23,450,0
중등,카페디저트,19,1,4958.333333333333,4388.888888888889,12,90,1
초등,카페디저트,12,0,6653.846153846154,4325.949367088608,13,948,1
초등,한식,18,0,6780.0,8751.162790697674,25,215,1
기타,중식,16,3,7145.833333333333,10006.666666666666,24,75,1
고등,일식,19,4,6711.111111111111,10314.814814814816,18,135,0
고등,일식,17,5,7687.5,11401.960784313726,16,408,0
초등,베이커리,12,1,5272.727272727273,2909.365558912387,11,331,0
고등,카페디저트,17,6,7819.047619047619,4930.513595166163,21,331,1
고등,한식,17,0,7764.705882352941,9762.295081967213,17,305,1
초등,베이커리,13,1,4250.0,3131.8289786223277,20,421,1
초등,한식,16,4,4913.793103448276,9541.07142857143,29,280,0
중등,카페디저트,15,1,5980.0,5750.7836990595615,25,319,0
중등,아시안,17,2,5653.846153846154,9009.615384615385,13,156,0
기타,카페디저트,12,1,7652.173913043478,5941.605839416058,23,137,1
고등,양식,19,4,8425.925925925925,10320.89552238806,27,67,0
중등,중식,17,4,6833.333333333333,9441.176470588236,21,85,1
중등,카페디저트,16,3,5277.777777777777,3795.343137254902,18,408,1
초등,분식,16,1,4785.714285714285,5007.751937984496,14,516,0
초등,중식,16,3,5738.0952380952385,8033.56890459364,21,283,1
초등,분식,16,3,6166.666666666667,4881.4387211367675,12,1126,0
초등,베이커리,13,6,4250.0,3131.8289786223277,20,421,1
중등,분식,17,4,6017.857142857143,4715.469613259668,28,181,1
중등,중식,16,4,5968.75,8616.666666666666,16,450,1
초등,한식,17,0,5947.368421052632,12027.60736196319,19,163,1
초등,일식,16,0,6557.692307692308,9984.797297297297,26,296,1
고등,분식,18,1,7117.64705882353,4522.857142857143,17,525,1
중등,카페디저트,19,2,7000.0,3553.054662379421,13,311,1
고등,마트,17,0,8029.411764705882,5222.323049001815,17,551,1
중등,분식,12,3,6125.0,4171.130952380952,24,336,1
고등,양식,17,3,5931.818181818182,8373.684210526315,22,95,0
초등,한식,15,6,7677.272727272727,8396.296296296296,22,135,1
중등,한식,17,1,6580.0,9762.295081967213,25,305,0
초등,분식,12,3,5500.0,4522.857142857143,24,525,0
고등,일식,19,5,8117.64705882353,11401.960784313726,17,408,0
중등,일식,19,2,7431.0344827586205,10046.875,29,64,0
초등,편의점,15,2,5544.444444444444,2069.8234349919744,27,623,0
초등,한식,15,0,6500.0,12046.153846153846,11,65,1
중등,카페디저트,16,3,7461.538461538462,6502.551020408163,26,196,0
초등,일식,15,5,8062.5,7761.290322580645,8,775,1
중등,분식,18,5,6437.5,4881.4387211367675,16,1126,0
초등,편의점,12,3,5377.777777777777,2568.3520599250937,27,534,0
고등,카페디저트,12,4,7615.384615384615,4520.992366412213,13,262,0
초등,분식,16,1,6111.111111111111,3845.3237410071943,36,278,0
중등,분식,16,0,6300.0,4471.518987341772,25,158,0
중등,일식,16,6,6045.454545454545,13115.384615384615,11,91,0
고등,양식,12,0,8472.222222222223,10016.393442622952,18,61,1
초등,카페디저트,16,4,4944.444444444444,4245.098039215686,27,357,1
중등,분식,16,0,5937.5,3644.4444444444443,16,945,0
초등,베이커리,15,5,5340.909090909091,4850.267379679144,22,187,1
중등,기타,20,6,5764.705882352941,8118.343195266272,17,169,0
중등,카페디저트,13,4,6750.0,4203.488372093023,14,86,0
초등,분식,18,4,4600.0,3505.61797752809,20,178,1
고등,카페디저트,17,2,8333.333333333334,4325.949367088608,30,948,1
초등,분식,15,6,5314.814814814815,4171.130952380952,27,336,0
중등,한식,19,6,5928.571428571428,8491.379310344828,35,58,1
기타,카페디저트,16,3,5196.969696969697,5112.244897959184,33,98,1
고등,카페디저트,16,3,8093.75,3795.343137254902,16,408,1
고등,아시안,12,6,7977.272727272727,11086.538461538461,22,156,1
초등,카페디저트,13,2,7125.0,4539.787798408488,8,377,0
초등,분식,17,5,6282.608695652174,3719.13835956918,23,1207,0
중등,카페디저트,16,0,4461.538461538462,6770.27027027027,13,74,0
고등,카페디저트,19,6,9131.578947368422,5433.823529411765,19,68,0
중등,분식,17,6,5928.571428571428,4622.093023255814,14,258,0
중등,카페디저트,13,0,6470.588235294118,4673.913043478261,17,92,1
중등,일식,17,2,5645.1612903225805,9812.5,31,136,0
중등,분식,15,1,6000.0,5227.064220183486,20,218,1
초등,카페디저트,15,6,7000.0,4325.949367088608,18,948,1
초등,한식,12,2,5958.333333333333,8547.79411764706,24,272,1
초등,한식,16,5,6047.619047619048,9967.548076923076,21,416,1
초등,분식,15,2,6522.727272727273,4837.912087912088,22,364,0
초등,카페디저트,12,0,4800.0,4335.365853658536,28,164,1
중등,한식,18,0,8694.444444444445,9942.567567567568,18,148,1
고등,중식,18,1,7416.666666666667,8033.56890459364,24,283,1
초등,기타,17,4,7194.444444444444,7552.631578947368,18,152,1
고등,분식,17,2,6866.666666666667,3881.5261044176705,15,1245,1
중등,카페디저트,20,0,6000.0,6629.56204379562,16,274,1
중등,양식,12,0,6883.333333333333,8778.032036613273,30,437,1
중등,베이커리,17,6,6333.333333333333,3551.912568306011,27,183,1
초등,패스트푸드,12,3,7176.470588235294,7265.306122448979,17,392,0
중등,카페디저트,17,1,9230.76923076923,5808.1841432225065,13,782,1
중등,카페디저트,20,6,6169.2307692307695,4310.661764705882,26,272,1
초등,일식,15,1,4462.962962962963,13115.384615384615,27,91,0
고등,카페디저트,13,4,8357.142857142857,6505.576208178439,14,269,1
초등,베이커리,12,4,5375.0,2909.365558912387,12,331,1
중등,패스트푸드,12,1,6978.260869565217,7265.306122448979,23,392,0
기타,한식,18,0,6071.428571428572,9271.42857142857,28,35,0
기타,한식,9,2,5576.923076923077,7880.5970149253735,26,67,0
중등,카페디저트,13,5,8066.666666666667,4387.921653971708,15,919,0
초등,일식,15,3,5603.846153846154,9359.477124183006,26,153,1
중등,카페디저트,19,1,5438.888888888889,5173.031496062992,18,508,0
초등,양식,15,3,7192.307692307692,8544.262295081968,13,610,1
초등,패스트푸드,16,2,6595.238095238095,7265.306122448979,21,392,0
초등,베이커리,13,3,6300.0,4608.28025477707,10,314,1
초등,일식,12,4,5617.64705882353,11477.777777777777,17,90,0
고등,아시안,12,3,7529.032258064516,9048.387096774193,31,62,1
초등,분식,16,2,6450.0,4881.4387211367675,30,1126,0
초등,분식,7,2,4363.636363636364,4028.1293952180026,22,711,0
초등,일식,12,3,9458.333333333334,12033.527696793002,12,343,1
기타,한식,19,4,5851.851851851852,9510.416666666666,27,48,0
고등,분식,17,4,9200.0,3881.5261044176705,15,1245,0
초등,베이커리,17,2,6290.322580645161,2909.365558912387,31,331,0
기타,양식,13,5,5578.9473684210525,9733.944954128441,19,109,0
초등,베이커리,16,1,6038.461538461538,5550.802139037433,13,187,0
초등,한식,16,4,7250.0,9967.548076923076,14,416,1
초등,한식,9,5,6166.666666666667,8570.093457943925,15,107,0
초등,분식,18,3,5972.222222222223,3735.9813084112147,18,214,1
중등,일식,17,2,6833.333333333333,8273.255813953489,27,86,0
초등,카페디저트,13,6,5000.0,5360.429447852761,21,326,0
기타,한식,19,1,7458.333333333333,8581.87134502924,24,171,1
초등,카페디저트,16,2,5648.148148148148,5112.244897959184,27,98,1
초등,베이커리,16,3,4185.185185185185,4212.5,27,560,1
초등,분식,12,5,5187.5,2676.950998185118,16,551,1
초등,분식,16,3,5272.727272727273,4028.1293952180026,11,711,1
초등,한식,13,4,7384.615384615385,9072.319201995013,13,401,1
초등,중식,16,1,9812.5,12250.76923076923,8,325,1
초등,분식,13,3,5464.285714285715,4522.857142857143,28,525,0
중등,카페디저트,18,5,6800.0,4203.488372093023,30,86,0
초등,패스트푸드,17,5,4709.090909090909,5953.91061452514,33,358,0
고등,분식,19,4,5741.935483870968,4495.145631067961,31,206,1
초등,베이커리,12,6,6708.333333333333,2977.832512315271,12,203,0
중등,카페디저트,20,2,5461.538461538462,5000.0,13,134,1
초등,카페디저트,16,5,6220.0,4325.949367088608,25,948,1
기타,한식,12,6,7066.666666666667,9296.296296296296,15,54,0
초등,편의점,13,4,4125.0,2069.8234349919744,20,623,0
초등,한식,16,2,6263.1578947368425,9762.295081967213,19,305,1
중등,카페디저트,12,5,5632.35294117647,4875.0,34,308,0
중등,한식,15,1,7342.105263157895,9541.07142857143,19,280,1
고등,중식,18,5,9083.333333333334,8267.313019390582,12,361,1
고등,카페디저트,18,1,6766.666666666667,4387.921653971708,15,919,1
초등,분식,7,1,5611.111111111111,5007.751937984496,18,516,0
초등,아시안,13,0,5193.548387096775,8282.312925170068,31,147,0
고등,한식,18,5,8340.90909090909,10573.170731707318,22,41,1
초등,분식,15,1,5100.0,3845.3237410071943,15,278,0
중등,카페디저트,15,2,5431.0344827586205,4245.098039215686,29,357,1
고등,일식,12,5,4892.857142857143,9359.477124183006,28,153,0
중등,베이커리,16,6,5073.076923076923,3351.1226252158895,26,579,1
중등,일식,19,5,7900.0,10314.814814814816,20,135,1
기타,양식,19,6,7307.692307692308,9834.82142857143,26,112,1
중등,중식,16,1,9119.047619047618,12948.57142857143,21,175,1
초등,베이커리,8,2,4772.727272727273,3131.8289786223277,33,421,0
중등,한식,18,3,6036.111111111111,7745.1612903225805,36,155,0
고등,양식,17,2,7750.0,8544.262295081968,18,610,0
고등,한식,17,3,7700.0,8870.967741935483,10,124,0
초등,한식,15,4,7750.0,9986.348122866893,18,293,1
고등,분식,19,2,7321.428571428572,3644.4444444444443,14,945,0
고등,중식,18,2,7312.5,8457.142857142857,32,70,0
고등,한식,17,6,7204.0,8413.24200913242,25,219,0
초등,베이커리,17,3,6138.888888888889,4262.962962962963,18,405,1
중등,베이커리,13,5,7285.714285714285,3775.4820936639117,21,363,1
초등,일식,17,5,6177.419354838709,9812.5,31,136,1
초등,일식,18,4,7000.0,11435.185185185184,20,108,0
중등,카페디저트,15,2,5403.846153846154,6770.27027027027,26,74,1
고등,카페디저트,12,4,6875.0,5686.206896551724,20,290,1
고등,일식,18,4,5113.636363636364,9072.745901639344,22,488,1
고등,일식,19,6,6551.724137931034,9072.745901639344,29,488,1
초등,일식,16,4,6911.764705882353,8928.315412186379,17,279,1
초등,베이커리,16,1,6044.117647058823,3603.6585365853657,34,164,0
초등,카페디저트,16,1,4615.384615384615,5360.429447852761,13,326,0
초등,분식,12,2,5096.153846153846,4876.344086021505,26,186,1
초등,패스트푸드,15,4,5111.111111111111,8250.0,36,678,0
기타,아시안,12,4,7307.692307692308,8404.109589041096,26,73,1
중등,분식,15,3,6096.153846153846,3723.9077669902913,26,824,0
초등,패스트푸드,12,3,5263.1578947368425,6192.37012987013,19,616,0
초등,중식당,17,4,4426.666666666667,8169.4915254237285,15,177,1
기타,마트,13,4,5916.666666666667,7731.21387283237,18,173,0
기타,한식,18,1,6051.724137931034,8751.162790697674,29,215,0
고등,중식,17,3,6180.0,6912.5,25,80,0
고등,일식,16,1,6608.695652173913,9072.745901639344,23,488,1
고등,한식,17,2,6794.117647058823,8581.87134502924,17,171,1
기타,일식,12,3,8447.368421052632,9970.383275261323,19,287,0
고등,카페디저트,16,5,8383.333333333334,5173.031496062992,12,508,0
초등,베이커리,17,2,4405.882352941177,3351.1226252158895,17,579,0
중등,일식,17,1,9366.666666666666,11291.666666666666,15,96,0
중등,카페디저트,16,6,6470.588235294118,4387.921653971708,17,919,0
초등,일식,15,0,6177.419354838709,9812.5,31,136,1
중등,분식,19,0,6045.454545454545,4028.1293952180026,11,711,0
고등,양식,17,1,8100.0,11862.068965517241,13,87,0
중등,한식,12,3,10227.272727272728,9896.396396396396,11,111,1
초등,분식,15,6,4764.705882352941,5468.646864686469,17,303,1
초등,편의점,17,4,4717.391304347826,2534.013605442177,23,294,0
중등,한식,13,2,6442.307692307692,8614.285714285714,26,70,1
고등,베이커리,20,1,7893.939393939394,3235.8288770053477,33,187,1
초등,분식,17,5,7000.0,3723.9077669902913,16,824,0
초등,베이커리,15,6,5738.0952380952385,4627.9826464208245,21,461,1
초등,중식,15,6,7833.333333333333,8028.761061946902,15,226,1
초등,베이커리,16,3,4944.444444444444,5090.848806366048,27,754,0
초등,카페디저트,16,0,5156.25,6244.68085106383,16,235,1
초등,카페디저트,17,2,6671.875,4777.777777777777,32,162,0
고등,중식,18,6,8200.0,7748.5207100591715,20,169,0
기타,한식,18,2,6694.444444444444,7905.857740585774,18,239,0
고등,한식,20,0,8035.714285714285,10540.0,28,50,1
고등,일식,12,6,7000.0,13418.560606060606,28,264,1
초등,분식,17,5,6783.333333333333,3723.9077669902913,24,824,0
고등,양식,15,0,8333.333333333334,8778.032036613273,30,437,1
초등,일식,17,4,5550.0,8706.697459584295,24,433,1
초등,분식,13,2,5877.272727272727,5954.397394136808,22,307,0
중등,한식,18,4,5156.25,7264.619883040936,16,342,1
중등,아시안,19,2,6238.0952380952385,8282.312925170068,21,147,1
고등,카페디저트,16,1,7000.0,5808.1841432225065,10,782,1
초등,분식,12,4,4725.0,4622.093023255814,20,258,0
고등,기타,13,6,7647.058823529412,7528.735632183908,17,87,1
초등,분식,16,6,5035.714285714285,3505.61797752809,28,178,0
고등,한식,18,2,7105.263157894737,9771.739130434782,19,92,1
고등,한식,8,3,7566.666666666667,8170.103092783505,15,97,1
초등,카페디저트,16,0,6500.0,4765.714285714285,16,175,0
초등,분식,15,2,5815.789473684211,3644.4444444444443,19,945,1
기타,한식,18,0,6115.384615384615,7976.525821596244,26,426,0
초등,한식,13,0,6076.923076923077,9967.548076923076,26,416,1
중등,카페디저트,15,1,7300.0,4765.714285714285,25,175,0
초등,분식,16,1,5350.0,5954.397394136808,26,307,1
초등,기타,7,5,6660.0,7988.571428571428,25,175,0
기타,한식,13,4,6029.411764705882,7569.583931133429,34,697,0
고등,카페디저트,17,6,5944.444444444444,4166.666666666667,9,153,1
초등,베이커리,17,1,6214.285714285715,3775.4820936639117,14,363,1
초등,분식,12,2,4343.75,4028.1293952180026,32,711,1
초등,분식,12,0,5576.923076923077,4495.145631067961,13,206,0
초등,패스트푸드,15,5,5833.333333333333,6192.37012987013,24,616,0
초등,분식,15,1,6934.782608695652,3881.5261044176705,23,1245,0
고등,중식,17,5,6233.333333333333,8139.423076923077,30,104,0
초등,베이커리,15,2,5000.0,4212.5,25,560,1
초등,한식,13,6,6565.217391304348,8009.977827050998,23,451,1
초등,기타,16,3,7194.444444444444,7552.631578947368,18,152,1
고등,카페디저트,20,1,7340.0,4427.710843373494,25,83,1
고등,한식,18,0,7750.0,8933.92857142857,12,280,1
초등,베이커리,16,5,2792.0,3351.1226252158895,25,579,1
기타,기타,17,1,6461.538461538462,6942.622950819672,13,61,0
중등,패스트푸드,8,6,6795.454545454545,6192.37012987013,22,616,0
고등,중식,12,3,6114.285714285715,8003.571428571428,21,140,0
고등,카페디저트,16,6,8617.64705882353,6770.27027027027,17,74,0
초등,카페디저트,8,3,9250.0,5808.1841432225065,16,782,0
중등,분식,17,3,6625.0,4881.4387211367675,12,1126,0
고등,일식,13,3,8351.851851851852,10448.795180722891,27,166,0
중등,일식,17,2,6142.857142857143,8567.796610169491,14,531,0
초등,베이커리,17,3,5193.548387096775,4082.278481012658,31,158,0
초등,분식,13,0,6722.222222222223,4171.130952380952,27,336,0
고등,분식,18,6,7416.666666666667,3881.5261044176705,12,1245,1
초등,카페디저트,17,0,6812.5,4387.921653971708,32,919,0
중등,일식,12,0,6225.0,11401.960784313726,20,408,0
초등,분식,13,5,3927.2727272727275,4187.5,11,248,0
초등,베이커리,12,3,5093.75,3775.4820936639117,16,363,0
초등,패스트푸드,13,2,4671.428571428572,8250.0,35,678,0
초등,카페디저트,17,1,4467.741935483871,3843.5374149659865,31,147,1
초등,베이커리,15,0,4823.529411764706,3462.280701754386,17,342,0
고등,카페디저트,19,6,7870.967741935484,5112.244897959184,31,98,0
중등,카페디저트,9,2,8062.5,5808.1841432225065,16,782,1
초등,양식,12,1,6711.538461538462,11246.42857142857,26,140,0
초등,분식,12,5,4740.740740740741,3679.663608562691,27,654,1
중등,카페디저트,17,5,7613.333333333333,5173.031496062992,15,508,0
고등,한식,18,1,9083.333333333334,10000.0,12,14,1
초등,베이커리,18,6,5434.782608695652,3551.912568306011,23,183,1
고등,한식,16,2,7400.0,8138.1578947368425,20,76,1
초등,분식,13,6,7035.714285714285,3719.13835956918,14,1207,1
고등,한식,12,1,8190.476190476191,9072.319201995013,21,401,1
초등,패스트푸드,12,3,6653.846153846154,7265.306122448979,13,392,0
고등,카페디저트,13,6,7500.0,3553.054662379421,15,311,0
고등,한식,19,4,8404.761904761905,8547.79411764706,21,272,1
초등,아시안,12,5,5035.714285714285,8339.506172839507,28,81,1
고등,카페디저트,19,6,8636.363636363636,5808.1841432225065,11,782,1
중등,한식,19,6,5875.0,9541.07142857143,24,280,1
고등,베이커리,12,5,6233.333333333333,4479.619565217391,30,368,1
초등,한식,17,4,7458.333333333333,9064.516129032258,12,279,1
고등,카페디저트,19,2,9269.23076923077,4539.787798408488,13,377,0
초등,중식,13,0,7194.444444444444,8033.56890459364,18,283,1
초등,분식,15,2,5500.0,2676.950998185118,24,551,0
초등,베이커리,17,2,4886.363636363636,3775.4820936639117,22,363,1
고등,분식,18,2,7600.0,4875.0,20,336,1
초등,패스트푸드,12,1,6258.064516129032,7265.306122448979,31,392,0
기타,마트,13,4,5934.782608695652,5222.323049001815,23,551,1
초등,편의점,20,0,5182.608695652174,2568.3520599250937,23,534,0
초등,분식,15,0,5066.666666666667,4028.1293952180026,15,711,0
초등,카페디저트,17,1,4363.636363636364,4407.942238267148,11,277,0
고등,양식,18,2,8765.625,12234.782608695652,32,115,0
고등,분식,20,6,8214.70588235294,4837.912087912088,34,364,0
초등,분식,12,4,5321.428571428572,3644.4444444444443,14,945,1
초등,베이커리,16,1,4506.25,3351.1226252158895,16,579,0
초등,베이커리,12,2,6125.0,5090.848806366048,20,754,0
초등,패스트푸드,12,0,6038.461538461538,7265.306122448979,13,392,0
중등,카페디저트,17,2,4447.368421052632,3974.358974358974,19,117,1
고등,한식,16,2,7716.666666666667,10202.380952380952,30,126,0
기타,분식,17,2,6029.411764705882,3644.4444444444443,34,945,0
초등,카페디저트,17,5,5604.166666666667,5426.605504587156,24,109,1
중등,카페디저트,16,5,7053.846153846154,4777.777777777777,26,162,1
중등,분식,13,0,7750.0,3881.5261044176705,20,1245,1
초등,베이커리,17,0,6058.823529411765,4608.28025477707,17,314,1
초등,분식,12,0,5351.851851851852,4881.4387211367675,27,1126,0
초등,베이커리,16,6,5519.2307692307695,3952.5547445255474,26,137,0
초등,카페디저트,12,2,6772.727272727273,4866.541353383459,11,266,0
중등,분식,18,2,5740.740740740741,4002.249718785152,27,889,1
고등,한식,15,1,7200.0,9967.548076923076,30,416,1
중등,분식,12,3,7916.666666666667,3719.13835956918,12,1207,0
중등,베이커리,17,1,6722.222222222223,4627.9826464208245,9,461,0
중등,카페디저트,20,3,6233.333333333333,5026.785714285715,30,112,1
초등,카페디저트,13,0,5475.0,4106.896551724138,20,290,0
초등,베이커리,15,3,6730.7692307692305,2909.365558912387,13,331,0
고등,카페디저트,19,2,7477.272727272727,4539.787798408488,22,377,1
중등,카페디저트,17,5,5115.384615384615,4520.992366412213,13,262,0
초등,베이커리,19,3,5000.0,5090.848806366048,21,754,1
초등,베이커리,13,2,6125.0,5090.848806366048,20,754,0
고등,일식,19,2,8184.210526315789,10482.608695652174,19,115,1
초등,베이커리,17,1,6590.909090909091,3930.9210526315787,11,304,0
중등,한식,20,5,7157.894736842105,9311.32075471698,19,53,1
초등,편의점,8,1,3962.5,2069.8234349919744,24,623,0
중등,베이커리,17,5,4468.75,5123.076923076923,16,195,1
고등,한식,16,1,7380.0,7951.612903225807,10,217,1
초등,패스트푸드,16,4,5002.857142857143,5953.91061452514,35,358,0
초등,베이커리,15,3,6433.333333333333,2896.6244725738397,30,237,0
중등,기타,16,0,6970.588235294118,8118.343195266272,17,169,1
중등,패스트푸드,17,5,5392.857142857143,5375.0,28,788,0
중등,한식,13,0,6000.0,8306.451612903225,11,62,1
초등,한식,16,6,5519.2307692307695,7250.0,26,40,1
고등,카페디저트,19,6,6620.0,3974.358974358974,25,117,1
초등,양식,16,1,7281.25,8676.767676767677,16,99,1
초등,베이커리,15,6,5551.724137931034,4479.619565217391,29,368,0
고등,한식,17,6,8900.0,8503.246753246753,15,154,1
초등,한식,15,5,6500.0,9967.548076923076,22,416,0
초등,베이커리,13,3,4127.272727272727,3351.1226252158895,11,579,0
기타,마트,15,2,5803.571428571428,5222.323049001815,28,551,1
기타,한식,15,3,6947.368421052632,8870.967741935483,19,124,0
초등,분식,16,0,6600.0,3719.13835956918,20,1207,0
초등,카페디저트,17,0,7756.25,5173.031496062992,16,508,1
고등,한식,13,5,7620.689655172414,9441.176470588236,29,85,0
고등,중식,17,1,6931.818181818182,7112.299465240641,22,187,0
중등,카페디저트,19,2,6461.111111111111,5173.031496062992,18,508,0
중등,카페디저트,17,5,6862.068965517241,4387.921653971708,29,919,0
초등,카페디저트,8,3,7172.413793103448,5750.7836990595615,29,319,1
초등,카페디저트,15,0,4756.25,4785.211267605634,32,142,1
초등,베이커리,17,1,6285.714285714285,4629.201680672269,21,476,0
고등,카페디저트,18,3,7800.0,5173.031496062992,20,508,0
고등,양식,19,0,8000.0,9363.436123348018,20,227,0
고등,중식,15,0,8500.0,7310.0,14,100,0
고등,카페디저트,20,5,5785.714285714285,5152.866242038216,21,157,0
고등,베이커리,18,0,6233.333333333333,4479.619565217391,30,368,1
초등,분식,12,2,6066.666666666667,4314.528593508501,30,647,0
초등,분식,13,3,5066.666666666667,5227.064220183486,15,218,0
초등,분식,19,5,4171.875,3679.663608562691,32,654,1
초등,카페디저트,12,1,4684.0,4862.416107382551,25,298,1
초등,분식,12,6,4226.315789473684,4740.116279069767,19,860,0
초등,한식,15,4,5809.523809523809,8873.75415282392,21,301,0
중등,카페디저트,16,2,5642.857142857143,5152.866242038216,14,157,1
초등,분식,12,1,5222.222222222223,3644.4444444444443,27,945,0
중등,일식,20,0,8000.0,9753.012048192772,16,83,1
초등,한식,15,4,6941.176470588235,8640.30612244898,17,196,1
중등,아시안,17,6,8545.454545454546,9523.809523809523,22,42,0
고등,한식,18,0,8052.631578947368,8111.328125,19,256,0
초등,한식,16,2,7650.0,9519.53125,10,128,0
고등,한식,18,2,8240.0,8009.977827050998,25,451,0
고등,카페디저트,20,5,7500.0,6629.56204379562,25,274,1
초등,분식,17,1,5735.294117647059,4881.4387211367675,17,1126,0
중등,한식,19,2,7409.090909090909,9280.346820809249,22,173,1
중등,카페디저트,13,1,5548.387096774193,4539.156626506024,31,332,0
초등,한식,16,2,6483.333333333333,9097.222222222223,36,72,1
기타,마트,12,2,6300.0,7731.21387283237,25,173,0
중등,일식,17,5,6608.695652173913,7660.714285714285,23,84,0
중등,한식,16,3,7568.9655172413795,8547.79411764706,29,272,0
초등,편의점,13,3,5600.0,2597.3154362416108,15,298,0
중등,카페디저트,15,3,6833.333333333333,5808.1841432225065,9,782,0
고등,한식,13,3,5157.894736842105,10091.836734693878,19,98,0
중등,카페디저트,12,4,5259.259259259259,4106.896551724138,27,290,1
고등,일식,12,1,5625.0,8928.315412186379,24,279,0
중등,분식,17,6,6333.333333333333,4875.0,27,336,0
중등,분식,12,4,6720.0,4770.516717325228,25,329,0
고등,한식,12,1,6660.714285714285,9061.83745583039,28,283,0
중등,카페디저트,16,3,7950.0,3870.0,20,100,0
중등,일식,17,3,6454.545454545455,9970.383275261323,22,287,1
초등,일식,15,6,9735.29411764706,12033.527696793002,17,343,1
초등,분식,15,0,5636.666666666667,3989.0510948905107,30,137,0
초등,양식,19,6,6000.0,8544.262295081968,17,610,0
초등,분식,12,6,6458.333333333333,4370.192307692308,12,208,1
초등,일식,16,6,6545.454545454545,8601.694915254237,33,177,1
초등,양식,16,6,5958.333333333333,8778.032036613273,24,437,0
고등,카페디저트,19,3,8093.75,3795.343137254902,16,408,1
중등,분식,15,6,5531.25,3679.663608562691,16,654,1
중등,한식,17,0,7027.586206896552,7905.857740585774,29,239,1
고등,카페디저트,12,0,7000.0,5808.1841432225065,10,782,1
초등,분식,17,6,4925.0,4522.857142857143,20,525,0
초등,분식,13,1,5547.619047619048,4881.4387211367675,21,1126,0
중등,기타,18,1,7796.2962962962965,7988.571428571428,27,175,1
중등,분식,13,3,7342.105263157895,3881.5261044176705,19,1245,0
중등,카페디저트,17,2,7656.25,4734.375,32,160,0
초등,카페디저트,15,3,5187.5,4847.540983606557,32,305,0
고등,카페디저트,20,3,9150.0,4539.787798408488,20,377,0
중등,분식,17,2,5706.896551724138,4875.0,29,336,1
초등,분식,15,3,4416.666666666667,4740.116279069767,36,860,1
초등,분식,15,5,4769.2307692307695,3644.4444444444443,13,945,1
초등,분식,19,1,5157.894736842105,4002.249718785152,19,889,1
고등,일식,16,5,9818.181818181818,11401.960784313726,11,408,1
초등,베이커리,13,2,6461.538461538462,4580.168776371308,13,237,0
중등,분식,18,3,6815.789473684211,4881.4387211367675,19,1126,1
기타,양식,13,6,7687.5,11862.068965517241,16,87,1
고등,카페디저트,18,0,8380.0,6162.921348314607,25,89,0
고등,양식,20,0,8590.90909090909,11528.03738317757,22,107,1
중등,일식,16,3,6120.0,10548.429319371728,25,382,1
초등,편의점,15,1,5220.0,2568.3520599250937,25,534,0
중등,일식,20,6,8571.42857142857,13418.560606060606,14,264,1
고등,양식,20,1,8083.333333333333,9150.0,6,60,1
중등,분식,13,2,6537.037037037037,3927.2197962154296,27,687,0
초등,분식,7,2,5480.0,5954.397394136808,20,307,0
중등,프렌차이즈,13,5,7150.0,7868.9655172413795,10,145,1
고등,중식,19,0,7566.666666666667,8457.142857142857,15,70,1
초등,한식,15,3,5400.0,10202.380952380952,20,126,0
고등,베이커리,19,5,7964.285714285715,5037.313432835821,14,402,1
초등,분식,15,4,5776.923076923077,4187.5,26,248,0
초등,일식,17,3,6000.0,8601.694915254237,16,177,1
초등,카페디저트,16,3,5250.0,4325.949367088608,14,948,1
초등,한식,16,3,7306.451612903225,11585.365853658537,31,41,1
중등,일식,16,0,6944.444444444444,10873.015873015873,27,63,0
고등,일식,12,6,5448.275862068966,9072.745901639344,29,488,1
초등,베이커리,17,1,3975.0,4483.957219251337,32,187,0
초등,카페디저트,16,3,7448.275862068966,6505.576208178439,29,269,1
초등,베이커리,15,0,5038.461538461538,4627.9826464208245,13,461,1
초등,베이커리,12,3,4467.741935483871,3551.912568306011,31,183,1
초등,마트,16,2,6300.0,5222.323049001815,20,551,1
초등,한식,16,2,5884.615384615385,12254.237288135593,13,59,1
초등,베이커리,13,1,5083.333333333333,3131.8289786223277,30,421,0
초등,일식,13,2,5806.451612903225,10408.695652173914,31,115,1
고등,일식,18,0,7928.571428571428,8635.678391959798,14,199,1
초등,카페디저트,16,2,5377.777777777777,5934.782608695652,27,138,1
초등,패스트푸드,16,3,5500.0,5920.833333333333,20,480,1
기타,카페디저트,16,3,5357.142857142857,3299.2700729927005,21,137,1
고등,카페디저트,12,3,6552.631578947368,4862.416107382551,19,298,0
초등,베이커리,16,6,5600.0,4549.82206405694,20,281,0
초등,분식,16,4,4468.75,3644.4444444444443,16,945,1
초등,베이커리,12,4,5572.413793103448,3462.280701754386,29,342,0
초등,마트,12,5,4941.176470588235,5222.323049001815,34,551,1
고등,분식,19,6,7000.0,4876.344086021505,13,186,1
중등,패스트푸드,19,5,6425.0,5375.0,20,788,1
초등,카페디저트,18,6,5958.333333333333,4325.949367088608,24,948,0
중등,패스트푸드,17,6,7416.666666666667,8250.0,24,678,0
중등,한식,7,6,7000.0,7909.090909090909,19,77,1
중등,분식,8,0,6111.111111111111,4071.6911764705883,9,272,1
초등,분식,16,6,5678.571428571428,5007.751937984496,28,516,0
초등,패스트푸드,17,2,5040.0,8250.0,25,678,0
고등,한식,9,6,9812.5,8264.102564102564,16,195,0
고등,중식,19,0,9038.461538461539,11018.867924528302,13,53,1
초등,일식,15,6,6619.047619047619,8501.557632398753,21,321,1
고등,양식,12,1,7136.363636363636,11030.0,11,50,0
초등,한식,15,1,6359.375,8751.162790697674,32,215,1
초등,중식,16,0,6269.2307692307695,8033.56890459364,26,283,1
고등,베이커리,19,3,6545.454545454545,5037.313432835821,33,402,1
고등,양식,20,6,7339.285714285715,12234.782608695652,28,115,0
초등,베이커리,16,3,5378.787878787879,5097.744360902256,33,266,1
초등,카페디저트,17,6,7250.0,4680.0,26,125,0
고등,분식,17,5,6766.666666666667,3719.13835956918,15,1207,1
중등,일식,13,4,5562.5,8273.255813953489,24,86,0
고등,한식,12,5,8183.333333333333,9064.516129032258,30,279,1
고등,카페디저트,19,1,5740.0,4801.003344481605,25,299,1
중등,분식,16,3,6675.0,3719.13835956918,20,1207,0
초등,양식,18,2,6357.142857142857,8544.262295081968,14,610,1
초등,기타,13,4,6870.37037037037,7988.571428571428,27,175,0
초등,분식,13,1,5152.173913043478,4522.857142857143,23,525,0
중등,카페디저트,17,5,9222.222222222223,4238.993710691824,18,318,0
초등,중식,17,2,5640.0,7112.299465240641,20,187,0
초등,베이커리,18,3,6125.0,5710.601719197708,24,349,0
고등,카페디저트,20,2,7476.190476190476,4520.992366412213,21,262,1
초등,베이커리,12,5,5087.5,4479.619565217391,24,368,0
고등,카페디저트,19,4,8309.52380952381,4765.714285714285,21,175,0
기타,한식,18,3,6382.35294117647,8933.92857142857,34,280,0
중등,카페디저트,20,2,6136.363636363636,6053.846153846154,11,260,1
고등,카페디저트,20,3,7852.941176470588,3837.3493975903616,17,83,1
초등,중식,12,5,6200.0,7112.299465240641,19,187,1
기타,일식,16,4,7575.0,9099.439775910365,20,357,0
중등,카페디저트,17,6,6817.391304347826,5173.031496062992,23,508,0
초등,양식,16,5,6600.0,9363.436123348018,15,227,1
중등,아시안,12,0,6357.142857142857,11086.538461538461,21,156,1
중등,베이커리,17,0,7400.0,4262.962962962963,10,405,0
초등,분식,12,5,5750.0,3881.5261044176705,10,1245,1
초등,기타,16,4,4333.333333333333,7552.631578947368,9,152,0
중등,일식,20,3,8957.894736842105,9359.477124183006,19,153,1
고등,한식,18,3,7891.304347826087,7569.583931133429,23,697,0
고등,카페디저트,18,1,7630.434782608696,4129.62962962963,23,81,0
고등,카페디저트,18,6,7500.0,4387.921653971708,22,919,0
초등,양식,8,6,6500.0,11528.03738317757,18,107,0
초등,분식,18,5,4446.666666666667,4821.808510638298,30,188,0
중등,카페디저트,17,6,4965.517241379311,4335.365853658536,29,164,0
초등,베이커리,15,5,4692.857142857143,3235.8288770053477,28,187,0
중등,분식,16,3,6058.823529411765,4922.945205479452,17,292,1
고등,카페디저트,17,4,8351.851851851852,5750.7836990595615,27,319,0
중등,한식,13,1,7102.5641025641025,9280.346820809249,39,173,1
고등,한식,17,0,7687.5,12015.625,16,32,0
초등,베이커리,13,6,5980.0,5439.56043956044,25,91,0
고등,카페디저트,19,4,7775.0,6770.27027027027,20,74,0
고등,카페디저트,17,6,7072.0,5173.031496062992,25,508,0
고등,한식,17,1,7735.294117647059,7976.525821596244,17,426,1
고등,한식,16,1,7638.888888888889,9986.348122866893,18,293,1
초등,베이커리,17,5,7142.857142857143,4270.992366412213,14,131,0
중등,한식,12,3,7211.764705882353,9760.869565217392,34,69,1
중등,카페디저트,15,0,7543.478260869565,4407.942238267148,23,277,0
고등,카페디저트,19,0,7558.823529411765,4325.949367088608,17,948,1
초등,베이커리,18,0,5096.774193548387,5037.313432835821,31,402,1
중등,카페디저트,16,1,6366.666666666667,4862.416107382551,18,298,0
초등,편의점,17,6,5730.7692307692305,2597.3154362416108,13,298,0
중등,카페디저트,13,4,7409.090909090909,5750.7836990595615,22,319,0
초등,베이커리,15,3,5678.571428571428,5090.848806366048,28,754,0
중등,양식,15,1,4100.0,10320.89552238806,10,67,1
기타,카페디저트,12,2,7458.333333333333,4866.541353383459,24,266,0
중등,한식,17,0,6250.0,11593.103448275862,12,145,1
고등,카페디저트,13,0,6708.333333333333,3795.343137254902,12,408,1
중등,분식,17,2,7236.8421052631575,4028.1293952180026,19,711,1
초등,베이커리,16,2,5035.714285714285,4483.957219251337,28,187,0
초등,분식,16,2,7309.523809523809,3723.9077669902913,21,824,0
초등,카페디저트,12,4,4038.4615384615386,3198.1132075471696,13,159,0
고등,양식,8,3,6916.666666666667,9142.857142857143,24,98,0
초등,베이커리,16,5,5321.428571428572,4483.957219251337,14,187,1
중등,양식,17,3,9200.0,10614.285714285714,20,35,1
초등,패스트푸드,17,1,7645.833333333333,7265.306122448979,24,392,0
고등,한식,18,1,7750.0,7976.525821596244,12,426,1
초등,아시안,12,3,4540.909090909091,8003.90625,22,128,0
고등,카페디저트,8,5,7500.0,4106.896551724138,15,290,0
고등,아시안,19,3,7360.0,8282.312925170068,25,147,1
중등,한식,17,6,7264.705882352941,8500.0,17,93,1
중등,분식,12,4,5173.913043478261,3644.4444444444443,23,945,0
고등,베이커리,15,4,7125.0,2909.365558912387,32,331,1
고등,한식,12,3,9219.047619047618,7905.857740585774,21,239,1
중등,한식,20,0,7066.666666666667,10561.40350877193,15,57,1
고등,양식,12,2,8343.75,8778.032036613273,16,437,0
초등,베이커리,7,0,3811.1111111111113,3351.1226252158895,27,579,1
초등,한식,15,0,6944.444444444444,7909.090909090909,27,77,1
초등,마트,15,5,6294.117647058823,7731.21387283237,17,173,1
초등,패스트푸드,16,2,5648.148148148148,8250.0,27,678,0
고등,카페디저트,20,2,8411.764705882353,5941.605839416058,17,137,1
고등,베이커리,18,2,5354.166666666667,3603.6585365853657,24,164,1
중등,카페디저트,15,0,6017.857142857143,6679.166666666667,28,120,1
초등,일식,12,6,10071.42857142857,12033.527696793002,7,343,1
초등,카페디저트,17,1,6378.787878787879,4847.540983606557,33,305,0
고등,카페디저트,17,3,8851.851851851852,4564.417177914111,27,326,0
중등,카페디저트,16,2,6190.476190476191,5935.0,21,100,1
고등,카페디저트,19,0,7477.272727272727,5557.142857142857,22,245,1
중등,일식,20,4,8812.5,8641.509433962265,8,530,1
중등,일식,19,0,6117.64705882353,11978.632478632479,17,117,0
중등,카페디저트,18,6,4694.444444444444,4387.921653971708,18,919,1
고등,양식,18,3,6595.238095238095,8544.262295081968,21,610,0
고등,한식,15,0,6866.666666666667,8873.75415282392,15,301,0
초등,카페디저트,13,4,6883.333333333333,4974.885844748858,30,219,1
중등,한식,12,4,8454.545454545454,9061.83745583039,22,283,1
고등,카페디저트,12,3,6108.695652173913,6297.029702970297,23,101,1
초등,베이커리,19,0,5277.777777777777,5600.0,18,355,0
중등,일식,13,5,6125.0,7761.290322580645,24,775,1
고등,카페디저트,16,5,7983.333333333333,4930.513595166163,18,331,1
중등,한식,19,1,6200.0,12579.36507936508,20,63,1
초등,카페디저트,8,3,5844.827586206897,5112.244897959184,29,98,1
고등,베이커리,17,2,5708.333333333333,4212.5,12,560,1
중등,베이커리,16,5,6883.333333333333,4270.992366412213,30,131,1
초등,한식,12,4,9125.0,7976.525821596244,12,426,0
중등,분식,17,2,6160.0,3644.4444444444443,25,945,0
중등,일식,19,1,6966.666666666667,7761.290322580645,15,775,1
중등,한식,17,4,6470.588235294118,8000.0,17,192,1
중등,한식,19,1,6252.380952380952,8413.24200913242,21,219,1
고등,중식당,17,3,8138.888888888889,8169.4915254237285,18,177,1
중등,편의점,15,0,5711.111111111111,2069.8234349919744,9,623,0
초등,패스트푸드,15,4,5250.0,6192.37012987013,18,616,0
초등,베이커리,12,0,4185.185185185185,4212.5,27,560,1
중등,카페디저트,19,3,5142.857142857143,4325.949367088608,28,948,1
중등,한식,12,2,5928.571428571428,9296.296296296296,35,54,1
고등,한식,19,0,6437.5,8581.87134502924,32,171,0
초등,베이커리,17,2,6187.5,5710.601719197708,24,349,0
초등,베이커리,16,5,5093.333333333333,4008.108108108108,15,185,0
중등,카페디저트,18,0,5839.285714285715,5000.0,28,134,1
기타,한식,12,1,6586.95652173913,9064.516129032258,23,279,0
고등,중식,19,1,6875.0,10055.86592178771,16,179,1
초등,분식,9,4,6294.117647058823,4881.4387211367675,17,1126,0
중등,한식,16,1,6970.0,9519.53125,10,128,1
고등,분식,15,5,6882.35294117647,3719.13835956918,17,1207,0
초등,카페디저트,15,5,4133.333333333333,4862.416107382551,15,298,1
중등,카페디저트,12,6,5950.0,4745.1612903225805,34,155,0
고등,카페디저트,16,5,6882.35294117647,4387.921653971708,17,919,1
초등,분식,16,5,5187.5,4370.192307692308,32,208,1
고등,카페디저트,18,6,8571.42857142857,3843.5374149659865,14,147,0
초등,정육점,17,3,5653.846153846154,9229.05027932961,13,179,0
중등,베이커리,16,0,5392.857142857143,2643.076923076923,14,325,1
고등,일식,17,2,7458.333333333333,9099.439775910365,12,357,0
초등,베이커리,13,1,4787.878787878788,4143.6781609195405,33,174,0
고등,분식,8,6,8062.5,4171.130952380952,16,336,1
초등,분식,13,4,5557.692307692308,5343.373493975903,26,249,1
고등,일식,19,4,8142.857142857143,8641.509433962265,21,530,1
초등,한식,15,1,5906.25,8262.5,16,80,1
고등,패스트푸드,19,4,7274.193548387097,8871.207430340557,31,323,1
초등,분식,17,1,5045.454545454545,3927.2197962154296,22,687,0
고등,일식,13,6,7526.315789473684,9803.73831775701,19,214,0
초등,한식,16,5,6886.363636363636,9441.176470588236,22,85,1
중등,카페디저트,18,5,7131.578947368421,4520.992366412213,19,262,0
고등,일식,16,2,7588.235294117647,8706.697459584295,17,433,1
초등,양식,12,6,5500.0,8378.881987577639,25,161,1
고등,중식당,19,0,7531.25,8169.4915254237285,16,177,1
초등,카페디저트,8,1,7000.0,5750.7836990595615,20,319,0
고등,일식,16,2,7818.181818181818,7761.290322580645,11,775,0
고등,양식,8,4,9119.047619047618,11356.25,21,160,0
초등,베이커리,13,5,5657.575757575758,3235.8288770053477,33,187,0
고등,한식,17,1,5769.2307692307695,7087.786259541985,13,262,1
초등,양식,16,3,6093.75,8544.262295081968,16,610,0
고등,한식,18,3,8738.095238095239,9072.319201995013,21,401,1
고등,양식,19,1,7852.941176470588,11356.25,17,160,0
중등,카페디저트,18,6,7500.0,5557.142857142857,12,245,0
중등,카페디저트,15,5,5710.526315789473,4564.417177914111,19,326,1
고등,카페디저트,17,4,7884.615384615385,5112.244897959184,26,98,0
중등,일식,16,1,5437.5,10548.429319371728,16,382,0
중등,카페디저트,18,6,4920.588235294118,4862.416107382551,34,298,0
초등,카페디저트,17,2,6980.0,5433.823529411765,25,68,0
기타,아시안,15,2,6934.210526315789,9048.387096774193,38,62,1
중등,분식,18,5,6120.0,3644.4444444444443,25,945,1
중등,한식,19,6,7916.666666666667,9064.516129032258,12,279,1
고등,일식,17,6,8352.941176470587,9285.714285714286,17,77,0
초등,분식,16,6,5261.9047619047615,4171.130952380952,21,336,1
고등,마트,15,5,7307.692307692308,5222.323049001815,13,551,0
중등,분식,17,6,7317.64705882353,4837.912087912088,17,364,0
초등,일식,13,5,5868.421052631579,10056.338028169013,19,71,0
초등,베이커리,15,2,6115.384615384615,5550.802139037433,13,187,0
초등,편의점,12,3,5413.888888888889,2568.3520599250937,36,534,1
초등,베이커리,17,5,6295.454545454545,2643.076923076923,22,325,0
기타,마트,13,2,5483.870967741936,5222.323049001815,31,551,0
초등,분식,19,5,7522.727272727273,3881.5261044176705,22,1245,0
고등,한식,18,3,6638.888888888889,7976.525821596244,18,426,0
고등,카페디저트,16,1,8421.052631578947,5808.1841432225065,19,782,1
고등,일식,18,1,6551.724137931034,9072.745901639344,29,488,1
중등,일식,16,3,4437.5,9072.745901639344,16,488,1
초등,일식,16,5,5711.111111111111,9803.73831775701,18,214,1
중등,정육점,20,1,8970.588235294117,9229.05027932961,17,179,1
초등,분식,17,1,5514.705882352941,4875.0,34,336,1
기타,편의점,13,4,6386.206896551724,2069.8234349919744,29,623,0
초등,한식,16,1,4772.727272727273,9541.07142857143,33,280,1
중등,일식,16,1,6848.484848484848,10552.910052910052,33,189,1
초등,패스트푸드,16,5,3950.0,5375.0,20,788,0
초등,분식,9,5,5611.111111111111,4881.4387211367675,18,1126,1
중등,한식,16,0,8312.5,10540.0,8,50,0
중등,일식,16,3,9395.833333333334,11945.454545454546,24,55,0
중등,베이커리,12,1,6919.354838709677,4608.28025477707,31,314,1
중등,한식,18,4,5975.0,7569.583931133429,20,697,1
중등,분식,16,3,7600.0,5007.751937984496,20,516,0
초등,분식,15,0,5500.0,4028.1293952180026,13,711,0
고등,양식,16,4,6142.857142857143,11246.42857142857,21,140,0
고등,한식,13,6,7086.95652173913,7909.090909090909,23,77,0
초등,일식,15,5,8250.0,7761.290322580645,12,775,1
초등,일식,8,5,6653.846153846154,9308.743169398907,13,183,1
기타,분식,13,5,6714.285714285715,4434.306569343065,14,137,0
중등,한식,18,6,5683.333333333333,7976.525821596244,30,426,1
중등,중식,17,4,6773.913043478261,8329.545454545454,23,176,1
고등,양식,18,1,6423.076923076923,8544.262295081968,13,610,0
중등,한식,19,3,7650.0,13895.348837209302,20,43,0
중등,카페디저트,15,2,7461.538461538462,5750.7836990595615,26,319,1
초등,베이커리,15,1,5806.451612903225,4608.28025477707,31,314,0
고등,한식,20,6,7708.333333333333,11939.655172413793,12,58,1
초등,패스트푸드,17,2,5519.2307692307695,8250.0,26,678,0
고등,일식,12,4,7425.0,8706.697459584295,16,433,1
고등,양식,18,2,9593.75,8544.262295081968,32,610,1
초등,베이커리,17,2,6129.62962962963,4270.992366412213,27,131,0
초등,카페디저트,16,3,6357.142857142857,4387.921653971708,14,919,1
중등,카페디저트,13,4,7078.9473684210525,4974.885844748858,19,219,0
고등,패스트푸드,12,1,9593.75,5375.0,32,788,1
초등,카페디저트,15,1,6421.0526315789475,4245.098039215686,19,357,0
중등,분식,13,1,6000.0,4028.1293952180026,18,711,0
중등,카페디저트,16,1,5173.076923076923,3843.5374149659865,26,147,0
중등,카페디저트,16,4,7704.545454545455,6225.563909774436,22,133,1
중등,카페디저트,8,3,5625.0,4388.888888888889,16,90,0
초등,한식,16,1,7780.0,9061.83745583039,25,283,1
기타,분식,18,0,8157.894736842105,3719.13835956918,19,1207,0
고등,중식,18,6,8388.888888888889,8028.761061946902,9,226,0
초등,한식,13,6,6480.0,8933.92857142857,25,280,1
고등,중식,9,6,8821.42857142857,8333.333333333334,14,27,0
중등,일식,18,5,6240.0,9072.745901639344,25,488,1
초등,카페디저트,9,4,5300.0,5557.142857142857,20,245,1
고등,일식,12,0,6711.111111111111,9359.477124183006,18,153,0
중등,한식,18,4,6425.0,7569.583931133429,20,697,1
중등,한식,13,3,7656.25,8396.296296296296,32,135,1
중등,중식,17,0,7129.62962962963,9441.176470588236,27,85,1
중등,한식,13,6,6975.0,9986.348122866893,20,293,1
초등,베이커리,17,6,6291.666666666667,4627.9826464208245,12,461,1
초등,분식,16,5,4365.217391304348,5227.272727272727,23,176,1
고등,카페디저트,17,1,7100.0,4875.0,25,308,1
중등,패스트푸드,13,1,5944.444444444444,5920.833333333333,18,480,0
초등,패스트푸드,12,2,4078.9473684210525,5953.91061452514,19,358,0
중등,한식,13,1,8852.941176470587,8500.0,17,93,1
중등,일식,12,3,6636.363636363636,11593.75,22,48,0
중등,일식,15,6,7033.333333333333,12033.527696793002,15,343,1
중등,분식,20,3,6425.925925925926,3881.5261044176705,27,1245,1
초등,베이커리,16,5,6000.0,4580.168776371308,31,237,1
기타,한식,17,6,6323.529411764706,11939.655172413793,17,58,0
중등,패스트푸드,16,3,7920.0,6192.37012987013,25,616,0
초등,한식,15,4,6730.7692307692305,12103.448275862069,13,58,1
고등,일식,17,6,8000.0,11401.960784313726,18,408,1
중등,분식,16,0,7339.285714285715,3881.5261044176705,28,1245,1
초등,분식,16,3,3900.0,4740.116279069767,16,860,1
초등,분식,16,5,5153.846153846154,5468.646864686469,26,303,1
고등,베이커리,18,1,7346.153846153846,3131.8289786223277,13,421,0
기타,카페디저트,16,5,3546.153846153846,2656.5891472868216,13,258,1
초등,분식,17,2,5678.571428571428,4002.249718785152,14,889,1
초등,한식,17,2,6703.448275862069,7745.1612903225805,29,155,1
기타,분식,13,2,6809.523809523809,3634.8039215686276,21,204,0
초등,카페디저트,9,0,6477.272727272727,6053.846153846154,22,260,0
초등,한식,7,2,6574.074074074074,8207.692307692309,27,65,1
중등,중식,16,1,7548.387096774193,10055.86592178771,31,179,0
초등,분식,15,1,6735.294117647059,3881.5261044176705,17,1245,0
고등,카페디저트,13,4,5425.0,4232.9059829059825,20,234,0
고등,카페디저트,18,4,5916.666666666667,4847.540983606557,18,305,0
중등,한식,17,1,8305.555555555555,12338.461538461539,18,65,1
고등,중식,19,4,7884.615384615385,10010.63829787234,26,47,0
중등,한식,15,4,5500.0,8009.977827050998,25,451,1
중등,카페디저트,12,6,8750.0,5808.1841432225065,10,782,1
초등,분식,12,6,4944.444444444444,2676.950998185118,27,551,0
고등,일식,17,2,7153.846153846154,11401.960784313726,13,408,0
고등,양식,13,2,7540.0,8544.262295081968,25,610,1
중등,일식,16,5,7000.0,8501.557632398753,22,321,1
중등,중식,16,5,6843.75,8028.761061946902,16,226,1
중등,카페디저트,17,4,6833.333333333333,4787.465940054496,27,367,0
중등,일식,17,1,7791.666666666667,13418.560606060606,24,264,1
고등,아시안,18,6,8240.0,11051.28205128205,25,117,0
중등,분식,12,0,6384.615384615385,3881.5261044176705,13,1245,0
초등,베이커리,16,4,5187.5,4270.992366412213,24,131,0
중등,카페디저트,15,6,7431.818181818182,4564.9819494584835,22,277,0
중등,카페디저트,15,6,5230.7692307692305,3837.3493975903616,26,83,0
중등,일식,13,5,5548.387096774193,9072.745901639344,31,488,1
초등,한식,17,2,6750.0,8396.296296296296,32,135,0
초등,베이커리,17,3,6208.333333333333,4627.9826464208245,24,461,1
초등,한식,16,4,6294.117647058823,9621.212121212122,17,132,0
고등,한식,19,6,7321.428571428572,7569.583931133429,14,697,0
초등,일식,12,1,10071.42857142857,8641.509433962265,7,530,0
고등,베이커리,16,4,5350.0,3131.8289786223277,20,421,0
중등,카페디저트,16,6,5458.333333333333,4520.992366412213,12,262,0
초등,양식,17,6,7944.444444444444,9716.04938271605,9,81,0
고등,카페디저트,13,2,6241.935483870968,4801.003344481605,31,299,0
중등,분식,16,5,5142.857142857143,3881.5261044176705,28,1245,0
고등,일식,17,0,6000.0,9099.439775910365,20,357,0
기타,일식,15,3,10593.75,8641.509433962265,16,530,1
초등,분식,17,6,3694.4444444444443,3679.663608562691,18,654,1
고등,베이커리,19,5,5157.894736842105,3131.8289786223277,19,421,1
초등,중식,12,1,6557.692307692308,8142.011834319526,26,169,0
중등,분식,16,5,4000.0,4622.093023255814,9,258,1
중등,카페디저트,17,4,5710.0,4862.416107382551,20,298,1
중등,패스트푸드,18,4,7325.0,5953.91061452514,20,358,0
기타,편의점,13,5,4370.833333333333,2069.8234349919744,24,623,0
초등,한식,12,4,4648.148148148148,8111.328125,27,256,1
고등,한식,18,3,7194.117647058823,9255.681818181818,34,88,0
중등,분식,19,5,6166.666666666667,4002.249718785152,15,889,1
초등,한식,15,5,6681.481481481482,7905.857740585774,27,239,1
중등,베이커리,20,6,5838.709677419355,4082.278481012658,31,158,1
초등,분식,16,0,4818.181818181818,4028.1293952180026,11,711,0
초등,중식,17,1,6681.818181818182,12948.57142857143,22,175,1
고등,일식,19,6,8169.2307692307695,10314.814814814816,26,135,0
중등,한식,15,4,6769.2307692307695,7569.583931133429,13,697,1
초등,일식,16,4,5096.774193548387,8928.315412186379,31,279,0
초등,베이커리,15,3,6884.615384615385,2909.365558912387,26,331,0
고등,일식,13,3,8038.461538461538,9285.714285714286,13,77,0
고등,한식,17,4,7870.967741935484,12015.625,31,32,1
고등,한식,18,5,6903.225806451613,10983.870967741936,31,31,1
고등,카페디저트,18,1,6777.777777777777,4245.098039215686,18,357,1
고등,베이커리,17,4,7421.0526315789475,2643.076923076923,19,325,0
초등,카페디저트,16,0,4540.909090909091,4407.942238267148,22,277,1
초등,베이커리,15,6,6203.7037037037035,4082.278481012658,27,158,0
초등,베이커리,17,6,3873.913043478261,3235.8288770053477,23,187,0
초등,편의점,15,0,3641.176470588235,2069.8234349919744,17,623,0
중등,일식,15,5,8722.222222222223,9970.383275261323,9,287,1
초등,카페디저트,18,5,5678.571428571428,4673.913043478261,28,92,1
초등,분식,15,4,4070.5882352941176,5227.272727272727,17,176,0
고등,베이커리,18,4,7961.538461538462,4082.278481012658,13,158,1
초등,분식,15,0,5055.555555555556,3719.13835956918,18,1207,0
초등,분식,15,5,4456.521739130435,3679.663608562691,23,654,1
중등,카페디저트,18,0,6465.517241379311,4325.949367088608,29,948,0
중등,베이커리,16,1,6850.0,2296.352583586626,10,329,1
초등,베이커리,18,6,5545.454545454545,4627.9826464208245,22,461,0
고등,양식,18,6,8333.333333333334,8778.032036613273,30,437,1
중등,일식,12,5,7568.9655172413795,8501.557632398753,29,321,1
초등,패스트푸드,15,5,5727.272727272727,5375.0,11,788,1
초등,분식,15,1,6195.652173913043,3719.13835956918,23,1207,0
초등,일식,13,6,4859.375,9072.745901639344,32,488,1
초등,분식,16,4,4924.242424242424,3679.663608562691,33,654,1
고등,카페디저트,16,0,6552.631578947368,4310.661764705882,19,272,0
중등,분식,12,5,5380.952380952381,3927.2197962154296,21,687,1
초등,한식,15,6,6619.047619047619,9064.516129032258,21,279,1
초등,분식,16,6,4763.1578947368425,4522.857142857143,19,525,1
초등,분식,16,2,4950.0,3679.663608562691,20,654,1
초등,패스트푸드,13,0,5876.0,8871.207430340557,25,323,0
초등,카페디저트,18,2,6933.333333333333,6629.56204379562,15,274,1
중등,카페디저트,15,0,5861.111111111111,4539.787798408488,18,377,1
중등,일식,9,5,6166.666666666667,9888.888888888889,21,54,0
초등,패스트푸드,15,2,6722.222222222223,6192.37012987013,27,616,1
중등,한식,17,6,6293.103448275862,9111.111111111111,29,72,1
기타,한식,13,5,6583.333333333333,8881.31313131313,12,198,1
초등,베이커리,13,5,6411.764705882353,4627.9826464208245,17,461,0
초등,베이커리,18,2,3325.0,3351.1226252158895,24,579,0
고등,베이커리,18,6,6861.111111111111,4580.168776371308,18,237,1
고등,한식,15,6,6500.0,7931.137724550898,14,167,0
중등,한식,17,3,6966.666666666667,8009.977827050998,15,451,1
초등,베이커리,13,0,4982.142857142857,3775.4820936639117,28,363,0
고등,카페디저트,7,2,8000.0,4787.465940054496,18,367,0
초등,분식,16,3,3794.1176470588234,4071.6911764705883,17,272,0
초등,양식,18,4,5153.846153846154,8373.684210526315,26,95,1
중등,분식,17,1,5923.076923076923,5007.751937984496,26,516,0
초등,한식,16,1,6736.8421052631575,8182.5842696629215,19,178,0
초등,카페디저트,12,3,7222.222222222223,4387.921653971708,18,919,0
중등,일식,16,3,6817.391304347826,8567.796610169491,23,531,0
고등,양식,18,2,7333.333333333333,11270.440251572327,9,159,0
초등,카페디저트,8,5,4684.0,4862.416107382551,25,298,1
초등,패스트푸드,17,5,6500.0,5920.833333333333,30,480,0
고등,한식,19,1,8316.666666666666,8985.59670781893,30,243,1
초등,한식,13,5,7375.0,7976.525821596244,8,426,0
중등,베이커리,12,1,6339.285714285715,3208.029197080292,28,137,1
중등,일식,16,6,7568.9655172413795,8501.557632398753,29,321,1
중등,일식,16,2,8269.23076923077,10482.608695652174,13,115,0
초등,분식,16,6,6375.0,4881.4387211367675,8,1126,0
고등,양식,19,0,9593.75,8544.262295081968,32,610,1
초등,일식,16,2,6625.0,7761.290322580645,12,775,0
초등,베이커리,12,4,4085.714285714286,3351.1226252158895,14,579,0
초등,카페디저트,17,6,5636.666666666667,5107.142857142857,30,56,1
고등,한식,17,5,7050.0,8413.24200913242,24,219,0
고등,한식,17,0,7260.869565217391,9061.83745583039,23,283,0
초등,베이커리,12,4,5557.692307692308,5097.744360902256,26,266,0
초등,분식,15,1,6288.461538461538,3881.5261044176705,26,1245,0
초등,한식,18,5,7192.307692307692,9967.548076923076,13,416,0
초등,카페디저트,15,2,5638.888888888889,4539.787798408488,18,377,1
초등,베이커리,15,3,6769.2307692307695,3930.9210526315787,26,304,0
중등,카페디저트,18,2,6333.333333333333,4325.949367088608,18,948,1
초등,분식,15,6,5951.612903225807,4314.528593508501,31,647,0
고등,베이커리,18,4,5625.0,3131.8289786223277,24,421,1
고등,카페디저트,12,5,7000.0,5557.142857142857,28,245,0
기타,한식,12,4,5204.545454545455,9967.548076923076,22,416,0
고등,한식,19,1,8571.42857142857,9410.714285714286,21,308,0
중등,카페디저트,20,5,7000.0,6429.203539823009,20,226,1
중등,분식,16,6,7423.076923076923,3989.0510948905107,13,137,0
고등,중식,12,1,11115.384615384615,10270.833333333334,13,216,0
초등,분식,12,2,6843.75,4370.192307692308,16,208,0
중등,카페디저트,17,2,6200.0,3795.343137254902,15,408,0
중등,카페디저트,15,3,6285.714285714285,6053.846153846154,14,260,1
고등,카페디저트,18,0,7727.272727272727,5941.605839416058,22,137,0
고등,한식,18,5,7785.714285714285,11363.636363636364,14,77,1
초등,분식,13,4,6525.0,3719.13835956918,20,1207,0
초등,분식,18,1,5968.75,3719.13835956918,16,1207,0
초등,분식,17,5,4119.047619047619,3644.4444444444443,21,945,1
고등,일식,19,3,8379.310344827587,10000.0,29,76,1
중등,분식,19,4,4447.368421052632,5468.646864686469,19,303,1
초등,패스트푸드,17,0,5814.814814814815,5105.691056910569,27,123,0
초등,카페디저트,16,2,5000.0,3837.3493975903616,34,83,1
초등,베이커리,17,0,5500.0,2909.365558912387,18,331,0
중등,카페디저트,8,0,7000.0,6125.0,26,72,0
초등,베이커리,17,5,4467.741935483871,3551.912568306011,31,183,1
고등,양식,13,2,7172.413793103448,8378.881987577639,29,161,1
고등,카페디저트,19,4,6931.818181818182,4520.992366412213,22,262,0
초등,분식,16,4,7000.0,4314.528593508501,30,647,0
고등,한식,12,0,8396.551724137931,8328.947368421053,29,152,1
고등,양식,18,6,7057.142857142857,9142.857142857143,21,98,0
중등,분식,19,1,5947.368421052632,5954.397394136808,19,307,1
고등,한식,19,6,7538.461538461538,9064.516129032258,13,279,0
기타,분식,17,6,5951.612903225807,3735.9813084112147,31,214,1
중등,분식,17,6,7884.615384615385,5007.751937984496,13,516,0
기타,카페디저트,12,0,7636.363636363636,5107.142857142857,22,56,1
초등,분식,15,3,4756.521739130435,4740.116279069767,23,860,0
초등,분식,16,6,5547.619047619048,4881.4387211367675,21,1126,0
초등,베이커리,18,5,5333.333333333333,3208.029197080292,12,137,0
초등,카페디저트,13,1,8125.0,5090.909090909091,8,33,0
초등,마트,16,5,5500.0,5222.323049001815,19,551,0
고등,카페디저트,16,2,7181.818181818182,5026.785714285715,22,112,1
중등,카페디저트,17,6,4333.333333333333,4539.787798408488,12,377,1
고등,한식,16,5,7437.5,8306.451612903225,16,62,0
중등,한식,12,2,7543.478260869565,9771.739130434782,23,92,1
초등,분식,16,3,6293.103448275862,3634.8039215686276,29,204,1
초등,분식,16,3,8290.322580645161,4314.528593508501,31,647,0
초등,베이커리,18,3,5434.782608695652,3603.6585365853657,23,164,0
고등,한식,16,6,7000.0,9111.111111111111,17,72,0
고등,일식,18,5,7303.571428571428,8567.796610169491,28,531,0
초등,한식,16,3,6293.103448275862,8751.162790697674,29,215,1
초등,카페디저트,12,0,4964.285714285715,3245.4545454545455,14,110,1
초등,분식,12,6,6115.384615384615,4028.1293952180026,26,711,1
중등,카페디저트,17,5,6388.888888888889,4564.417177914111,27,326,1
중등,한식,13,3,7124.0,7905.857740585774,25,239,1
중등,카페디저트,16,1,6875.0,4539.787798408488,16,377,0
초등,베이커리,16,6,6595.238095238095,2909.365558912387,21,331,0
고등,한식,16,3,6652.173913043478,7569.583931133429,23,697,0
초등,분식,16,1,5296.428571428572,4187.5,28,248,1
중등,한식,13,0,6380.952380952381,8170.103092783505,21,97,1
초등,분식,18,4,5020.0,3883.8582677165355,15,254,0
고등,분식,19,2,7285.714285714285,4876.344086021505,14,186,1
중등,카페디저트,16,6,6910.526315789473,5173.031496062992,19,508,0
고등,양식,9,0,7500.0,12234.782608695652,20,115,0
초등,패스트푸드,15,6,5193.548387096775,8250.0,31,678,1
중등,카페디저트,16,1,6980.7692307692305,6502.551020408163,26,196,0
초등,카페디저트,12,6,8125.0,4765.714285714285,12,175,1
기타,분식,12,1,5965.517241379311,4522.857142857143,29,525,1
초등,카페디저트,17,5,4961.538461538462,3553.054662379421,13,311,1
중등,분식,18,1,6725.806451612903,4314.528593508501,31,647,0
초등,패스트푸드,19,3,5065.217391304348,8250.0,23,678,0
초등,마트,13,0,5462.962962962963,5222.323049001815,27,551,1
초등,카페디저트,16,6,7738.0952380952385,6505.576208178439,21,269,0
초등,분식,15,2,4113.636363636364,4740.116279069767,22,860,0
기타,카페디저트,13,2,9131.578947368422,4325.949367088608,19,948,0
중등,카페디저트,16,0,7766.666666666667,5808.1841432225065,15,782,1
중등,패스트푸드,20,2,6850.0,5920.833333333333,10,480,1
중등,베이커리,17,3,5466.666666666667,4549.82206405694,15,281,1
초등,베이커리,16,3,6125.0,5090.848806366048,20,754,0
초등,베이커리,16,3,5972.222222222223,5550.802139037433,18,187,0
중등,분식,16,5,4652.173913043478,3644.4444444444443,23,945,1
초등,카페디저트,16,3,4423.076923076923,4245.098039215686,26,357,0
중등,분식,15,3,6592.592592592592,5007.751937984496,27,516,0
초등,카페디저트,16,5,6250.0,4539.787798408488,12,377,1
기타,한식,17,3,5308.695652173913,8000.0,23,192,1
초등,한식,13,6,5611.111111111111,8776.073619631901,27,163,1
고등,카페디저트,12,1,6961.538461538462,5934.782608695652,13,138,1
초등,베이커리,20,4,4924.242424242424,4212.5,33,560,1
고등,양식,16,4,7820.0,8544.262295081968,25,610,1
고등,카페디저트,20,0,7281.25,5808.1841432225065,16,782,0
고등,일식,19,2,8580.0,12033.527696793002,25,343,1
고등,한식,20,3,8960.0,8842.857142857143,25,70,1
중등,분식,12,5,5727.272727272727,3845.3237410071943,33,278,0
고등,베이커리,17,1,7437.5,4212.5,8,560,1
중등,베이커리,16,6,7000.0,4262.962962962963,22,405,0
중등,한식,17,3,7961.538461538462,9410.714285714286,13,308,0
초등,한식,12,4,5875.0,8264.102564102564,16,195,1
중등,패스트푸드,17,0,5833.333333333333,5375.0,15,788,1
중등,카페디저트,15,1,5593.75,6297.029702970297,16,101,0
초등,한식,13,6,6666.666666666667,9896.396396396396,21,111,1
초등,베이커리,17,1,5181.481481481482,4579.326923076923,27,208,0
고등,카페디저트,16,3,6938.0952380952385,4203.488372093023,21,86,0
고등,중식,15,0,9020.0,7112.359550561798,25,89,0
중등,카페디저트,20,1,6465.517241379311,4325.949367088608,29,948,0
고등,한식,18,3,8428.57142857143,12000.0,21,78,1
기타,카페디저트,8,1,7212.5,5173.031496062992,24,508,1
초등,베이커리,12,1,4396.0,3351.1226252158895,25,579,0
중등,카페디저트,16,1,5980.0,5498.251748251748,25,286,1
중등,패스트푸드,15,2,5740.740740740741,5375.0,27,788,0
중등,카페디저트,20,0,6186.95652173913,4310.661764705882,23,272,1
고등,양식,18,3,8050.0,10776.315789473685,10,76,1
초등,카페디저트,12,6,5277.777777777777,3553.054662379421,18,311,1
중등,카페디저트,16,3,6428.571428571428,5935.0,14,100,0
중등,카페디저트,17,5,5277.777777777777,5360.429447852761,18,326,0
고등,중식,19,6,8343.75,8139.423076923077,16,104,0
중등,분식,20,5,5921.0526315789475,4622.093023255814,19,258,0
중등,한식,15,4,5417.64705882353,8111.328125,17,256,1
초등,기타,15,5,6044.117647058823,6942.622950819672,34,61,1
중등,중식당,19,0,6562.5,8169.4915254237285,16,177,0
중등,분식,13,4,6275.0,3719.13835956918,20,1207,0
중등,카페디저트,18,1,6636.363636363636,5152.866242038216,22,157,0
초등,베이커리,12,0,5657.142857142857,4479.619565217391,14,368,1
기타,한식,13,0,7546.875,9280.346820809249,32,173,1
기타,분식,8,2,5916.666666666667,3989.0510948905107,24,137,1
고등,패스트푸드,16,0,6157.894736842105,5375.0,19,788,1
초등,베이커리,17,5,5480.0,3462.280701754386,20,342,0
초등,양식,13,5,7307.692307692308,11528.03738317757,13,107,1
고등,베이커리,17,2,5425.0,3131.8289786223277,20,421,1
고등,카페디저트,16,6,8541.666666666666,5808.1841432225065,12,782,1
초등,아시안,17,2,7281.25,7682.692307692308,16,52,0
중등,일식,13,3,7385.714285714285,8635.678391959798,35,199,0
중등,카페디저트,17,4,4187.5,4407.942238267148,16,277,0
고등,아시안,19,2,8396.551724137931,9322.314049586777,29,121,1
초등,카페디저트,15,6,7414.285714285715,5173.031496062992,14,508,1
기타,카페디저트,18,5,6728.0,4862.416107382551,25,298,1
초등,베이커리,13,2,5214.285714285715,2643.076923076923,14,325,1
초등,한식,13,3,6960.0,9280.346820809249,25,173,1
기타,베이커리,12,5,7859.375,4629.201680672269,32,476,1
고등,일식,18,4,7428.571428571428,7761.290322580645,21,775,0
초등,한식,13,6,7780.0,9061.83745583039,25,283,1
중등,분식,8,3,5694.444444444444,3927.2197962154296,18,687,0
초등,한식,15,0,5968.75,7264.619883040936,16,342,1
고등,분식,12,2,6437.5,5227.064220183486,32,218,1
고등,분식,20,2,5807.692307692308,3679.663608562691,26,654,1
고등,한식,18,4,7783.333333333333,9410.714285714286,30,308,1
고등,카페디저트,12,6,6875.0,4225.490196078431,20,255,0
초등,일식,7,0,6150.0,9099.439775910365,10,357,1
고등,양식,17,4,6710.526315789473,13125.0,19,100,0
초등,카페디저트,15,1,4396.0,4930.513595166163,25,331,1
초등,베이커리,15,5,7225.0,4627.9826464208245,20,461,1
초등,한식,17,4,6066.666666666667,9280.346820809249,30,173,1
중등,한식,16,4,6980.7692307692305,11863.387978142076,26,183,0
중등,카페디저트,15,3,4820.0,3795.343137254902,25,408,1
초등,카페디저트,13,3,6944.444444444444,4325.949367088608,9,948,0
초등,분식,16,3,5340.0,4071.6911764705883,25,272,0
고등,카페디저트,12,5,8000.0,5360.429447852761,20,326,1
중등,분식,19,0,8571.42857142857,4881.4387211367675,14,1126,0
기타,분식,17,2,6947.368421052632,5954.397394136808,19,307,0
초등,베이커리,12,0,6460.0,4627.9826464208245,25,461,0
중등,카페디저트,16,4,7431.0344827586205,4495.575221238938,29,113,0
중등,분식,18,1,5838.709677419355,3845.3237410071943,31,278,0
초등,패스트푸드,15,4,4288.235294117647,8526.073619631901,17,326,0
고등,한식,13,0,6660.714285714285,9410.714285714286,28,308,1
고등,중식,17,5,10277.777777777777,12250.76923076923,9,325,1
중등,분식,13,2,6792.857142857143,3723.9077669902913,14,824,0
고등,분식,18,3,5763.1578947368425,4740.116279069767,19,860,0
초등,베이커리,17,2,4357.142857142857,4143.6781609195405,21,174,0
중등,분식,8,5,5978.260869565217,5227.272727272727,23,176,1
중등,베이커리,18,6,7107.142857142857,5710.601719197708,14,349,1
중등,베이커리,19,0,6460.0,5037.313432835821,25,402,1
고등,일식,19,2,8142.857142857143,10408.695652173914,28,115,1
중등,중식,17,0,7020.833333333333,8520.0,24,75,1
중등,카페디저트,17,3,6772.413793103448,5173.031496062992,29,508,0
초등,분식,15,4,6000.0,3881.5261044176705,24,1245,0
중등,분식,18,3,5450.0,5954.397394136808,10,307,1
고등,카페디저트,13,0,7874.193548387097,5173.031496062992,31,508,1
초등,한식,16,4,4448.484848484848,8000.0,33,192,1
중등,카페디저트,15,3,4500.0,4020.0,21,275,0
고등,일식,16,1,8590.90909090909,12000.0,22,19,0
중등,중식,15,0,6461.538461538462,7112.359550561798,13,89,1
초등,분식,16,5,4475.0,2676.950998185118,20,551,1
초등,분식,17,0,7481.481481481482,3881.5261044176705,27,1245,1
고등,양식,18,0,9113.636363636364,10016.393442622952,22,61,0
중등,아시안,17,4,5894.736842105263,9048.387096774193,19,62,1
초등,베이커리,16,2,4727.272727272727,4143.6781609195405,33,174,1
중등,분식,16,0,6333.333333333333,4875.0,27,336,0
고등,카페디저트,16,5,6551.724137931034,4203.488372093023,29,86,0
중등,양식,15,6,7300.0,10016.393442622952,25,61,0
초등,한식,12,5,5519.2307692307695,7250.0,26,40,1
중등,중식,17,0,6818.181818181818,9441.176470588236,11,85,1
중등,패스트푸드,16,5,5000.0,8250.0,14,678,0
고등,일식,15,4,10277.777777777777,12033.527696793002,9,343,1
초등,카페디저트,16,5,5604.166666666667,5426.605504587156,24,109,1
중등,분식,16,4,7942.307692307692,4522.857142857143,26,525,1
초등,분식,12,6,6867.857142857143,4837.912087912088,28,364,1
초등,카페디저트,19,0,5413.888888888889,6679.166666666667,36,120,1
초등,베이커리,12,2,5000.0,3208.029197080292,27,137,1
초등,베이커리,17,2,5711.111111111111,4479.619565217391,18,368,0
고등,한식,13,6,6660.714285714285,9061.83745583039,28,283,0
초등,베이커리,15,1,4629.166666666667,3351.1226252158895,24,579,1
중등,카페디저트,17,6,7361.111111111111,5498.251748251748,18,286,1
초등,분식,16,6,5571.428571428572,3719.13835956918,21,1207,0
초등,양식,13,4,7321.428571428572,11030.0,14,50,0
초등,베이커리,16,0,5058.823529411765,2896.6244725738397,17,237,0
고등,분식,18,6,8208.333333333334,5007.751937984496,12,516,1
기타,한식,12,6,5576.923076923077,10573.170731707318,26,41,1
초등,베이커리,15,2,5111.111111111111,3131.8289786223277,36,421,0
고등,카페디저트,19,6,7300.0,4388.888888888889,15,90,1
초등,분식,18,1,6208.333333333333,5468.646864686469,24,303,0
중등,베이커리,18,5,7861.111111111111,5600.0,18,355,1
기타,분식,17,6,7076.923076923077,3723.9077669902913,26,824,0
고등,마트,17,0,7727.272727272727,5222.323049001815,22,551,1
중등,카페디저트,15,2,6535.714285714285,4377.906976744186,28,86,0
초등,분식,13,0,6500.0,3719.13835956918,13,1207,1
중등,한식,12,3,5666.666666666667,10055.555555555555,12,27,1
기타,한식,13,4,7277.777777777777,9762.295081967213,18,305,1
고등,베이커리,18,5,7716.666666666667,3775.4820936639117,30,363,1
초등,분식,13,2,5522.727272727273,4881.4387211367675,22,1126,0
고등,한식,19,3,9269.23076923077,9621.212121212122,13,132,1
고등,양식,20,5,6147.058823529412,9363.436123348018,17,227,1
초등,분식,16,1,6934.782608695652,3881.5261044176705,23,1245,0
초등,양식,17,5,8125.0,9716.04938271605,12,81,0
초등,양식,17,4,8375.0,8676.767676767677,12,99,1
중등,일식,12,0,5722.222222222223,8928.315412186379,27,279,0
중등,카페디저트,17,2,9555.555555555555,6125.0,9,72,1
초등,분식,13,6,7055.555555555556,4028.1293952180026,18,711,0
기타,한식,15,0,7425.0,8264.102564102564,20,195,0
초등,베이커리,17,3,4727.272727272727,3952.5547445255474,33,137,0
중등,한식,20,6,6666.666666666667,10561.40350877193,18,57,1
초등,패스트푸드,15,0,5844.827586206897,8250.0,29,678,0
중등,분식,12,4,6817.391304347826,3723.9077669902913,23,824,0
중등,카페디저트,15,3,6580.0,4387.921653971708,25,919,1
중등,분식,19,1,6527.777777777777,3719.13835956918,18,1207,0
중등,카페디저트,13,1,5576.923076923077,4203.488372093023,13,86,0
중등,양식,19,1,6117.64705882353,10776.315789473685,17,76,0
초등,마트,13,0,5193.548387096775,6404.891304347826,31,184,1
고등,일식,15,3,7260.869565217391,9970.383275261323,23,287,1
고등,한식,18,0,5552.173913043478,9128.57142857143,23,105,0
초등,베이커리,17,1,5187.5,2977.832512315271,24,203,1
고등,중식,17,0,9500.0,10055.86592178771,8,179,1
중등,카페디저트,19,4,8078.9473684210525,4765.714285714285,19,175,0
초등,한식,15,6,7562.5,8955.696202531646,16,79,1
중등,일식,12,3,6562.5,10314.814814814816,16,135,1
고등,일식,13,6,8200.0,8567.796610169491,20,531,0
초등,분식,15,3,4764.705882352941,5468.646864686469,17,303,1
중등,카페디저트,16,3,6848.484848484848,4875.0,33,308,0
중등,카페디저트,17,6,5950.0,4734.375,34,160,0
초등,편의점,9,5,2723.076923076923,2069.8234349919744,13,623,0
초등,패스트푸드,17,6,4704.545454545455,6192.37012987013,22,616,0
초등,일식,16,4,4980.0,8928.315412186379,25,279,1
초등,카페디저트,13,3,5477.272727272727,6429.203539823009,22,226,1
중등,카페디저트,16,0,6980.7692307692305,4325.949367088608,26,948,0
초등,일식,16,6,7500.0,8501.557632398753,17,321,1
초등,베이커리,13,0,6500.0,5710.601719197708,21,349,0
중등,한식,8,3,7102.5641025641025,8547.79411764706,39,272,0
초등,패스트푸드,9,1,4756.25,5953.91061452514,32,358,0
초등,정육점,19,2,6318.181818181818,8101.503759398496,22,133,0
고등,양식,13,3,7586.206896551724,8778.032036613273,29,437,0
초등,아시안,12,2,7571.428571428572,8147.058823529412,7,102,1
초등,패스트푸드,15,3,5335.4838709677415,5953.91061452514,31,358,0
중등,정육점,18,0,8285.714285714286,9229.05027932961,21,179,1
초등,베이커리,17,5,4354.166666666667,3553.8922155688624,24,167,0
중등,카페디저트,16,6,5888.888888888889,6297.029702970297,18,101,0
초등,분식,17,0,4960.0,5227.272727272727,25,176,0
초등,패스트푸드,8,0,5600.0,8250.0,15,678,0
초등,한식,17,3,8812.5,12027.60736196319,8,163,1
중등,분식,17,0,5425.0,3644.4444444444443,20,945,1
초등,베이커리,16,3,4973.684210526316,2296.352583586626,19,329,0
초등,한식,12,5,5481.481481481482,8873.75415282392,27,301,1
중등,카페디저트,15,2,9222.222222222223,4238.993710691824,18,318,0
기타,분식,12,3,7926.470588235294,3735.9813084112147,34,214,0
중등,베이커리,12,1,5944.444444444444,4082.278481012658,27,158,1
고등,베이커리,17,1,6260.869565217391,4212.5,23,560,1
초등,양식,15,6,7000.0,8778.032036613273,18,437,0
초등,베이커리,16,1,5443.75,4579.326923076923,32,208,0
고등,분식,13,4,6258.620689655172,3679.663608562691,29,654,1
초등,베이커리,16,3,4578.9473684210525,4549.82206405694,19,281,0
초등,베이커리,15,6,5433.333333333333,3462.280701754386,9,342,0
고등,일식,18,0,9093.75,11535.714285714286,16,56,0
고등,카페디저트,17,5,6710.526315789473,4847.540983606557,19,305,1
초등,중식,19,1,7375.0,7748.5207100591715,12,169,0
초등,베이커리,12,5,5722.222222222223,4608.28025477707,18,314,1
중등,패스트푸드,15,0,6392.857142857143,5953.91061452514,28,358,0
고등,일식,19,5,7386.363636363636,8860.0,22,125,0
초등,아시안,12,6,5375.0,8404.109589041096,24,73,1
중등,카페디저트,16,6,6437.5,5360.429447852761,8,326,0
고등,중식,18,4,8000.0,8267.313019390582,20,361,0
초등,양식,16,3,6772.727272727273,13125.0,11,100,1
초등,베이커리,16,4,5178.571428571428,3603.6585365853657,14,164,0
고등,카페디저트,16,5,7081.481481481482,2656.5891472868216,27,258,0
고등,분식,13,5,6486.8421052631575,4837.912087912088,38,364,1
초등,한식,7,3,6293.103448275862,8751.162790697674,29,215,1
중등,일식,15,0,6833.333333333333,7761.290322580645,12,775,1
고등,양식,17,6,9807.692307692309,11356.25,13,160,0
고등,한식,13,3,8428.57142857143,12000.0,21,78,1
중등,카페디저트,12,3,4478.260869565217,3974.358974358974,23,117,1
중등,일식,9,0,7000.0,8381.18811881188,19,101,0
고등,카페디저트,20,5,6576.923076923077,4407.942238267148,13,277,1
고등,한식,19,1,8333.333333333334,7976.525821596244,30,426,0
초등,분식,20,4,5250.0,2676.950998185118,16,551,0
고등,분식,12,4,7050.0,4740.116279069767,24,860,0
중등,카페디저트,13,4,5558.823529411765,4930.513595166163,17,331,0
고등,한식,12,1,7500.0,10573.170731707318,18,41,0
초등,카페디저트,9,0,7153.846153846154,6225.563909774436,13,133,0
중등,카페디저트,16,0,6252.380952380952,4930.513595166163,21,331,0
초등,베이커리,15,5,4161.9047619047615,3235.8288770053477,21,187,0
초등,일식,17,2,6433.333333333333,7660.714285714285,30,84,1
초등,베이커리,15,0,5528.571428571428,4479.619565217391,21,368,0
초등,한식,17,3,7500.0,7976.525821596244,23,426,1
중등,한식,20,0,7173.076923076923,7569.583931133429,26,697,1
고등,카페디저트,17,0,10347.826086956522,4974.885844748858,23,219,1
초등,베이커리,19,5,4112.121212121212,4483.957219251337,33,187,1
고등,일식,18,2,8611.111111111111,8248.427672955975,27,159,1
중등,한식,13,3,7540.0,8873.75415282392,25,301,1
중등,카페디저트,15,1,7431.0344827586205,5426.605504587156,29,109,0
초등,편의점,17,0,4640.625,2597.3154362416108,32,298,0
중등,일식,12,6,7275.0,11401.960784313726,20,408,0
초등,정육점,18,3,4765.625,9229.05027932961,32,179,0
초등,일식,16,2,7250.0,10448.795180722891,20,166,0
초등,중식,17,1,7641.666666666667,12451.612903225807,12,31,1
초등,분식,15,0,4884.615384615385,5343.373493975903,26,249,1
초등,기타,16,6,5636.363636363636,8118.343195266272,11,169,1
중등,베이커리,17,1,6175.0,5439.56043956044,24,91,1
고등,중식당,17,3,8169.2307692307695,8169.4915254237285,26,177,1
초등,한식,16,6,8593.75,9762.295081967213,16,305,0
중등,카페디저트,16,6,8545.454545454546,4765.714285714285,22,175,0
초등,베이커리,18,4,4171.875,4212.5,32,560,1
초등,일식,16,3,5870.37037037037,8860.0,27,125,1
초등,일식,17,6,7187.5,8641.509433962265,8,530,1
초등,베이커리,17,4,6500.0,2643.076923076923,11,325,0
중등,한식,15,1,7124.0,7905.857740585774,25,239,1
초등,분식,12,1,4488.461538461538,4740.116279069767,26,860,0
초등,베이커리,13,0,4657.894736842105,4143.6781609195405,19,174,1
고등,한식,17,1,6666.666666666667,9762.295081967213,15,305,1
초등,한식,16,5,5258.064516129032,8751.162790697674,31,215,0
초등,카페디저트,12,0,6740.0,5686.206896551724,25,290,1
고등,양식,17,5,6233.333333333333,9733.944954128441,30,109,0
고등,양식,16,1,8562.5,9733.944954128441,16,109,1
초등,카페디저트,16,6,5958.333333333333,4959.183673469388,36,98,1
기타,한식,8,6,7589.285714285715,11593.103448275862,28,145,0
중등,카페디저트,17,4,6875.0,5498.251748251748,24,286,1
초등,베이커리,17,2,5027.777777777777,4580.168776371308,18,237,0
고등,양식,20,6,10173.91304347826,11270.440251572327,23,159,0
중등,한식,13,1,6821.428571428572,10445.054945054944,14,91,0
중등,한식,15,5,8694.444444444445,9896.396396396396,18,111,0
중등,카페디저트,17,2,5928.571428571428,4520.992366412213,14,262,0
중등,카페디저트,16,5,5947.368421052632,4407.942238267148,19,277,1
고등,카페디저트,18,6,7000.0,5808.1841432225065,10,782,1
초등,베이커리,16,2,5500.0,4262.962962962963,19,405,1
초등,베이커리,15,3,5447.058823529412,3462.280701754386,17,342,1
초등,분식,19,1,5093.333333333333,3650.4854368932038,15,206,0
기타,양식,17,5,6875.0,13500.0,20,57,1
고등,베이커리,13,5,7172.413793103448,4627.9826464208245,29,461,1
초등,베이커리,17,4,3505.5555555555557,3351.1226252158895,18,579,0
중등,일식,13,3,7173.076923076923,10548.429319371728,26,382,0
초등,분식,16,5,5636.666666666667,3989.0510948905107,30,137,0
기타,패스트푸드,18,3,6028.571428571428,5920.833333333333,35,480,1
기타,분식,12,1,4370.833333333333,4740.116279069767,24,860,0
기타,분식,13,0,7326.923076923077,4028.1293952180026,26,711,0
초등,베이커리,16,6,4900.0,4549.82206405694,20,281,1
중등,분식,19,0,5833.333333333333,4314.528593508501,15,647,1
초등,한식,17,5,5925.0,9064.516129032258,20,279,0
고등,한식,16,2,8406.25,9942.567567567568,16,148,1
기타,중식,12,1,7789.473684210527,8616.666666666666,19,450,1
초등,카페디저트,16,2,6565.217391304348,6505.576208178439,23,269,0
초등,분식,12,1,5187.5,3719.13835956918,16,1207,0
초등,편의점,16,5,5435.4838709677415,2534.013605442177,31,294,0
중등,분식,15,3,5566.666666666667,3719.13835956918,30,1207,1
중등,한식,18,5,6722.222222222223,9061.83745583039,9,283,1
중등,일식,16,0,7535.714285714285,9803.73831775701,14,214,0
초등,카페디저트,18,1,5096.153846153846,4672.413793103448,26,87,1
초등,베이커리,8,6,4780.0,2909.365558912387,25,331,0
고등,한식,7,5,9409.09090909091,8000.0,11,192,0
중등,기타,20,5,6351.851851851852,7528.735632183908,27,87,1
초등,분식,17,1,4941.176470588235,5227.272727272727,34,176,1
초등,패스트푸드,16,6,6595.238095238095,7265.306122448979,21,392,0
초등,카페디저트,16,6,7392.857142857143,3553.054662379421,28,311,1
초등,카페디저트,17,4,8950.0,5808.1841432225065,10,782,1
중등,일식,16,0,6330.434782608696,8567.796610169491,23,531,0
중등,한식,13,1,6722.222222222223,9061.83745583039,9,283,1
고등,카페디저트,16,2,8200.0,4866.541353383459,30,266,0
초등,한식,15,4,6525.0,7087.786259541985,20,262,0
고등,베이커리,13,5,5000.0,5037.313432835821,18,402,1
초등,중식,16,6,5660.869565217391,7112.299465240641,23,187,1
고등,양식,16,6,8411.764705882353,11270.440251572327,17,159,0
초등,베이커리,12,2,5428.571428571428,3077.039274924471,14,331,1
초등,프렌차이즈,13,2,7055.555555555556,7868.9655172413795,18,145,1
초등,분식,13,0,5724.137931034483,4002.249718785152,29,889,1
중등,패스트푸드,16,3,7129.62962962963,5953.91061452514,27,358,0
초등,한식,15,6,5522.727272727273,13577.464788732394,22,71,0
중등,패스트푸드,17,2,7325.0,5953.91061452514,20,358,0
초등,중식,12,6,6340.0,8616.666666666666,25,450,1
중등,일식,15,6,5120.833333333333,9359.477124183006,24,153,0
초등,한식,16,4,6934.782608695652,8873.75415282392,23,301,1
중등,카페디저트,17,3,6300.0,4387.921653971708,15,919,0
초등,베이커리,17,5,5608.695652173913,3930.9210526315787,23,304,0
초등,한식,13,2,6375.0,7264.619883040936,4,342,0
초등,베이커리,12,0,5461.538461538462,3775.4820936639117,13,363,0
초등,편의점,17,0,4309.090909090909,2069.8234349919744,33,623,0
초등,베이커리,12,4,4576.923076923077,5090.848806366048,26,754,0
중등,분식,15,6,5550.0,4740.116279069767,10,860,0
중등,일식,13,4,6214.285714285715,7761.290322580645,21,775,1
중등,카페디저트,15,2,5548.387096774193,4875.0,31,308,1
중등,카페디저트,18,2,7383.333333333333,5154.320987654321,30,81,0
초등,베이커리,16,3,5960.0,5037.313432835821,25,402,0
초등,분식,17,2,4404.761904761905,4171.130952380952,21,336,1
중등,일식,9,6,8454.545454545454,9970.383275261323,22,287,1
중등,베이커리,15,3,6642.857142857143,4549.82206405694,14,281,0
고등,한식,19,0,7678.571428571428,11593.103448275862,14,145,1
초등,한식,15,4,7309.523809523809,7951.612903225807,21,217,1
초등,한식,13,1,7300.0,9762.295081967213,20,305,0
초등,분식,15,5,5875.0,4881.4387211367675,16,1126,0
중등,분식,20,3,6437.5,4740.116279069767,8,860,0
초등,카페디저트,15,4,7150.0,4020.0,10,275,1
초등,카페디저트,16,2,3700.0,4862.416107382551,34,298,1
기타,아시안,12,0,9388.888888888889,8147.058823529412,9,102,0
초등,한식,15,6,5347.826086956522,8328.947368421053,23,152,0
고등,양식,9,4,7306.896551724138,11168.60465116279,29,172,1
고등,한식,17,2,6500.0,8375.0,10,84,1
고등,한식,17,6,7153.846153846154,7087.786259541985,13,262,0
중등,카페디저트,16,3,6022.222222222223,4734.375,18,160,1
초등,분식,16,6,5152.173913043478,2676.950998185118,23,551,0
초등,일식,17,6,9333.333333333334,9984.797297297297,12,296,1
중등,한식,16,3,7529.411764705882,12046.153846153846,17,65,1
고등,분식,17,3,7527.777777777777,4756.965944272446,18,323,1
초등,베이커리,12,6,7055.555555555556,3930.9210526315787,18,304,0
초등,분식,15,6,4383.870967741936,5227.272727272727,31,176,0
고등,한식,16,2,7500.0,9967.548076923076,24,416,1
초등,베이커리,13,2,6113.636363636364,4580.168776371308,22,237,0
중등,분식,16,1,6142.857142857143,3644.4444444444443,21,945,1
초등,베이커리,12,5,4417.64705882353,3351.1226252158895,17,579,1
중등,일식,16,2,6560.0,7761.290322580645,25,775,0
중등,분식,17,4,5625.0,3634.8039215686276,24,204,0
고등,중식,16,0,6066.666666666667,7310.0,15,100,0
고등,마트,18,0,8181.818181818182,5222.323049001815,22,551,1
기타,카페디저트,12,1,5076.923076923077,4495.575221238938,13,113,1
기타,한식,19,0,6375.0,8396.296296296296,12,135,0
중등,일식,17,2,6773.913043478261,8567.796610169491,23,531,0
초등,베이커리,12,0,5729.166666666667,5097.744360902256,24,266,0
중등,패스트푸드,16,5,7366.666666666667,8871.207430340557,33,323,1
고등,카페디저트,18,1,5523.809523809524,6629.56204379562,21,274,0
기타,한식,9,2,8447.368421052632,9061.83745583039,19,283,1
고등,한식,19,4,8100.0,9061.83745583039,30,283,1
초등,분식,12,4,6416.666666666667,3881.5261044176705,18,1245,1
고등,카페디저트,17,0,8272.727272727272,6770.27027027027,11,74,0
고등,중식,19,1,7500.0,10006.666666666666,13,75,0
고등,분식,20,5,5000.0,3927.2197962154296,18,687,0
중등,한식,16,2,7555.555555555556,8844.827586206897,27,29,1
고등,카페디저트,15,2,7354.166666666667,5012.3456790123455,24,81,1
초등,한식,17,1,6340.0,8111.328125,30,256,1
초등,한식,19,1,5625.0,7569.583931133429,28,697,1
중등,패스트푸드,17,1,4980.7692307692305,6192.37012987013,26,616,0
고등,일식,15,3,6850.0,11401.960784313726,20,408,0
고등,카페디저트,18,4,7340.0,5026.785714285715,25,112,0
고등,카페디저트,18,1,6866.666666666667,4325.949367088608,15,948,0
초등,카페디저트,8,3,6654.545454545455,5173.031496062992,11,508,1
고등,카페디저트,19,4,7455.0,5173.031496062992,20,508,1
초등,베이커리,16,6,4456.521739130435,4212.5,23,560,0
고등,중식,19,2,10277.777777777777,12250.76923076923,9,325,1
초등,중식,12,6,6826.086956521739,8142.011834319526,23,169,0
기타,한식,18,6,7596.153846153846,7264.619883040936,26,342,1
초등,일식,12,0,8000.0,8567.796610169491,17,531,1
중등,카페디저트,16,2,6739.130434782609,6244.68085106383,23,235,0
고등,중식,18,3,7884.615384615385,8028.761061946902,13,226,0
초등,베이커리,16,4,6095.238095238095,5090.848806366048,21,754,0
초등,한식,16,0,6295.454545454545,12046.153846153846,22,65,0
중등,분식,12,0,4642.307692307692,3989.0510948905107,26,137,0
고등,분식,15,0,7339.285714285715,3644.4444444444443,28,945,1
중등,일식,13,3,5923.076923076923,10548.429319371728,13,382,0
중등,분식,16,6,6233.333333333333,3682.3529411764707,30,170,0
초등,분식,13,6,5685.185185185185,4881.4387211367675,27,1126,0
초등,카페디저트,16,6,4913.793103448276,4875.0,29,308,1
초등,베이커리,8,3,3641.176470588235,3351.1226252158895,17,579,0
기타,한식,15,1,6133.333333333333,12204.225352112677,15,71,1
중등,베이커리,17,3,6029.411764705882,4479.619565217391,17,368,1
고등,일식,20,6,9340.90909090909,12180.327868852459,22,61,1
중등,한식,15,1,7300.0,8138.1578947368425,25,76,0
초등,베이커리,15,0,6980.0,2977.832512315271,25,203,0
초등,패스트푸드,13,3,4807.692307692308,5920.833333333333,13,480,0
고등,패스트푸드,18,1,6966.666666666667,8871.207430340557,30,323,1
고등,한식,13,1,5925.925925925926,8170.103092783505,27,97,1
초등,카페디저트,17,0,4785.714285714285,4245.098039215686,14,357,0
초등,베이커리,15,1,5000.0,4212.5,25,560,1
중등,중식,17,1,7692.307692307692,8003.571428571428,13,140,1
초등,베이커리,15,1,5875.0,4629.201680672269,12,476,1
초등,카페디저트,13,4,5958.333333333333,5498.251748251748,24,286,0
초등,베이커리,15,2,6258.064516129032,5550.802139037433,31,187,1
중등,카페디저트,17,1,5900.0,4564.9819494584835,15,277,0
초등,패스트푸드,17,2,5514.705882352941,6192.37012987013,34,616,0
초등,중식,16,3,6095.238095238095,8267.313019390582,21,361,1
초등,분식,16,4,5108.695652173913,4522.857142857143,23,525,0
중등,카페디저트,12,1,5558.823529411765,3245.4545454545455,17,110,1
초등,분식,17,1,4161.9047619047615,3505.61797752809,21,178,1
중등,분식,13,4,6883.333333333333,3881.5261044176705,30,1245,1
초등,베이커리,15,5,4794.117647058823,3208.029197080292,17,137,0
초등,분식,16,2,4038.4615384615386,4875.0,13,336,0
초등,분식,16,1,5108.695652173913,2676.950998185118,23,551,0
초등,베이커리,8,2,5370.37037037037,4580.168776371308,27,237,1
고등,카페디저트,15,5,7977.272727272727,4325.949367088608,22,948,1
중등,일식,16,2,7695.652173913043,8706.697459584295,23,433,0
초등,패스트푸드,7,0,5100.0,5953.91061452514,15,358,0
중등,분식,19,1,6120.689655172414,3881.5261044176705,29,1245,0
초등,한식,17,4,5708.333333333333,8306.451612903225,24,62,1
중등,분식,16,5,6258.823529411765,4740.116279069767,17,860,0
초등,한식,12,3,5700.0,9051.28205128205,20,234,1
중등,일식,16,6,5500.0,10140.718562874252,10,167,1
초등,한식,13,3,6543.478260869565,10573.170731707318,23,41,1
초등,분식,17,6,5258.064516129032,5343.373493975903,31,249,0
초등,한식,15,1,5611.111111111111,8776.073619631901,27,163,1
초등,양식,8,4,7136.363636363636,8778.032036613273,22,437,1
초등,카페디저트,15,4,4435.4838709677415,4875.0,31,308,0
초등,편의점,12,6,5547.058823529412,2568.3520599250937,34,534,0
초등,패스트푸드,16,3,6300.0,5920.833333333333,20,480,0
고등,한식,18,2,7134.615384615385,7569.583931133429,26,697,1
고등,한식,20,1,6818.181818181818,12046.153846153846,11,65,0
초등,기타,7,6,4973.684210526316,8118.343195266272,19,169,1
초등,아시안,16,5,6458.333333333333,8404.109589041096,36,73,1
고등,카페디저트,20,2,8200.0,5426.605504587156,20,109,1
고등,한식,13,3,6374.074074074074,12579.36507936508,27,63,0
고등,일식,17,0,8316.666666666666,11401.960784313726,30,408,1
기타,한식,13,1,5935.294117647059,8111.328125,17,256,0
고등,카페디저트,12,5,7958.333333333333,6053.846153846154,12,260,0
중등,일식,16,1,5789.473684210527,11401.960784313726,19,408,0
초등,카페디저트,19,1,4365.217391304348,5934.782608695652,23,138,1
초등,베이커리,19,1,5216.666666666667,4608.28025477707,30,314,0
초등,양식,12,5,6815.384615384615,9142.857142857143,26,98,1
고등,양식,18,1,8396.551724137931,8378.881987577639,29,161,1
초등,베이커리,12,2,5021.739130434783,5037.313432835821,23,402,0
중등,중식,17,0,8068.9655172413795,10055.86592178771,29,179,1
고등,카페디저트,17,0,7266.666666666667,4539.156626506024,15,332,1
초등,카페디저트,16,2,5678.571428571428,4245.098039215686,28,357,1
중등,양식,16,6,7000.0,8676.767676767677,26,99,0
초등,분식,12,4,6205.0,3723.9077669902913,20,824,0
초등,카페디저트,18,5,4250.0,5360.429447852761,18,326,0
중등,한식,16,6,5970.588235294118,8009.708737864078,17,103,1
고등,일식,18,4,6346.153846153846,8381.18811881188,13,101,0
고등,양식,16,2,8309.52380952381,9716.04938271605,21,81,1
초등,패스트푸드,13,2,6722.222222222223,6192.37012987013,27,616,1
고등,한식,16,6,8583.333333333334,9061.83745583039,18,283,1
초등,한식,12,5,6973.684210526316,8873.75415282392,19,301,1
고등,일식,20,2,7368.421052631579,10548.429319371728,19,382,1
중등,분식,17,5,5888.888888888889,4002.249718785152,9,889,0
고등,양식,12,2,7187.5,8544.262295081968,8,610,0
기타,한식,13,3,8142.857142857143,11863.387978142076,21,183,1
중등,분식,16,4,6210.526315789473,4002.249718785152,19,889,0
중등,한식,16,1,7130.0,8454.022988505747,30,87,1
초등,분식,16,1,7192.307692307692,3644.4444444444443,13,945,1
중등,일식,12,2,5615.384615384615,7660.714285714285,13,84,1
중등,한식,15,5,6520.0,11863.387978142076,25,183,1
초등,베이커리,12,3,5111.538461538462,4579.326923076923,26,208,0
중등,카페디저트,13,6,7062.5,4325.949367088608,24,948,1
중등,아시안,12,6,6000.0,8003.90625,16,128,0
초등,카페디저트,8,2,4947.368421052632,4203.488372093023,19,86,1
초등,분식,12,5,6080.645161290323,3927.2197962154296,31,687,1
고등,한식,16,6,6812.5,8614.285714285714,16,70,0
중등,카페디저트,8,3,6500.0,4787.465940054496,20,367,1
초등,일식,19,3,7414.285714285715,8567.796610169491,14,531,0
초등,분식,15,2,4780.0,4028.1293952180026,25,711,1
초등,패스트푸드,12,4,5884.615384615385,5105.691056910569,26,123,0
초등,패스트푸드,12,0,5558.823529411765,5920.833333333333,17,480,0
고등,양식,7,3,7196.428571428572,8544.262295081968,28,610,0
고등,편의점,13,1,4427.272727272727,2069.8234349919744,22,623,1
고등,한식,17,4,7142.857142857143,9051.28205128205,14,234,1
중등,카페디저트,18,1,6036.111111111111,4777.777777777777,36,162,0
중등,정육점,15,6,6208.333333333333,9229.05027932961,12,179,1
중등,일식,13,0,4724.137931034483,9308.743169398907,29,183,0
중등,카페디저트,20,6,5175.0,4672.413793103448,20,87,1
중등,카페디저트,12,1,6570.0,3299.2700729927005,20,137,1
초등,분식,12,3,3375.0,3679.663608562691,12,654,1
초등,베이커리,12,2,6136.363636363636,4850.267379679144,22,187,0
중등,마트,17,6,6500.0,5222.323049001815,18,551,1
고등,카페디저트,19,5,8035.714285714285,5808.1841432225065,14,782,1
초등,패스트푸드,12,2,7544.444444444444,8871.207430340557,27,323,1
중등,한식,19,0,6916.666666666667,9621.212121212122,6,132,1
중등,카페디저트,15,6,5950.0,4777.777777777777,34,162,0
고등,분식,18,2,6676.470588235294,3881.5261044176705,17,1245,1
고등,양식,7,3,7578.9473684210525,8778.032036613273,19,437,0
중등,중식,12,5,6665.384615384615,7748.5207100591715,26,169,0
초등,한식,16,1,6964.285714285715,11863.387978142076,14,183,1
초등,베이커리,16,4,5653.846153846154,2977.832512315271,13,203,0
중등,카페디저트,15,2,5300.0,4232.9059829059825,20,234,1
중등,일식,15,3,7555.555555555556,8501.557632398753,27,321,1
초등,일식,12,2,4171.875,9072.745901639344,32,488,1
고등,베이커리,15,2,5882.35294117647,4212.5,17,560,1
중등,분식,7,4,5566.666666666667,3719.13835956918,30,1207,1
초등,편의점,12,4,4112.121212121212,2568.3520599250937,33,534,0
중등,한식,18,2,7000.0,11585.365853658537,19,41,1
초등,분식,16,0,6740.0,4314.528593508501,25,647,1
초등,중식,15,4,7047.619047619048,8616.666666666666,21,450,1
초등,카페디저트,16,6,5000.0,3837.3493975903616,34,83,1
고등,일식,15,1,6666.666666666667,9984.797297297297,21,296,1
기타,카페디저트,17,1,5357.142857142857,3299.2700729927005,21,137,1
중등,일식,13,4,7000.0,8248.427672955975,15,159,0
초등,카페디저트,13,4,4879.310344827586,4245.098039215686,29,357,1
중등,일식,12,2,7033.333333333333,8641.509433962265,15,530,1
중등,카페디저트,15,2,5732.0,3299.2700729927005,25,137,0
중등,패스트푸드,15,6,5888.888888888889,5375.0,9,788,0
기타,한식,19,3,5464.285714285715,7569.583931133429,14,697,1
고등,카페디저트,12,5,6823.529411764706,4539.156626506024,34,332,1
초등,베이커리,16,5,6187.5,4262.962962962963,24,405,1
초등,한식,16,1,6038.461538461538,9510.416666666666,26,48,1
초등,한식,13,1,6384.615384615385,9981.481481481482,13,54,1
중등,한식,8,0,6529.411764705882,9621.212121212122,17,132,0
초등,일식,17,6,6705.555555555556,9803.73831775701,18,214,1
초등,베이커리,18,1,5191.666666666667,4479.619565217391,24,368,1
고등,양식,8,3,7617.64705882353,8544.262295081968,17,610,1
중등,베이커리,17,3,5571.428571428572,2296.352583586626,14,329,0
초등,분식,16,1,7973.684210526316,3881.5261044176705,19,1245,0
초등,분식,17,0,5725.0,3845.3237410071943,40,278,0
고등,카페디저트,19,6,7000.0,4387.921653971708,13,919,1
고등,한식,12,5,6958.333333333333,9541.07142857143,24,280,0
중등,일식,15,4,5092.0,9359.477124183006,25,153,0
중등,카페디저트,16,6,8062.5,5808.1841432225065,16,782,1
초등,카페디저트,8,3,5469.69696969697,3576.2195121951218,33,164,1
고등,한식,18,5,9250.0,11795.454545454546,10,22,1
초등,베이커리,12,2,5443.75,4483.957219251337,32,187,0
중등,카페디저트,16,1,8520.0,4020.0,25,275,1
초등,패스트푸드,19,6,7321.428571428572,7265.306122448979,14,392,0
초등,패스트푸드,17,3,5370.0,5953.91061452514,10,358,0
고등,일식,20,3,7964.285714285715,10552.910052910052,14,189,0
초등,베이커리,16,6,6884.615384615385,2909.365558912387,26,331,0
중등,일식,18,4,6400.0,8860.0,30,125,1
기타,카페디저트,12,3,5740.0,5090.909090909091,15,33,1
고등,패스트푸드,17,2,7156.25,5375.0,16,788,1
중등,분식,16,2,6550.0,5954.397394136808,10,307,0
초등,베이커리,16,6,4879.310344827586,5090.848806366048,29,754,0
중등,일식,19,4,7533.333333333333,10140.718562874252,15,167,1
초등,베이커리,17,4,5191.666666666667,3462.280701754386,24,342,0
고등,분식,15,3,6818.181818181818,5954.397394136808,22,307,1
초등,분식,7,3,5608.695652173913,4522.857142857143,23,525,1
중등,카페디저트,16,4,6206.666666666667,6055.555555555556,15,27,1
중등,일식,18,0,6416.666666666667,10056.338028169013,12,71,1
중등,양식,17,2,7147.058823529412,9716.04938271605,17,81,0
고등,한식,18,1,6839.285714285715,8396.296296296296,28,135,0
초등,분식,16,2,7625.0,3881.5261044176705,24,1245,0
중등,카페디저트,17,5,5875.0,3576.2195121951218,16,164,1
고등,일식,15,4,6674.193548387097,10314.814814814816,31,135,1
고등,카페디저트,19,4,7764.705882352941,4387.921653971708,17,919,0
중등,베이커리,15,6,7285.714285714285,3775.4820936639117,21,363,1
중등,일식,15,3,8159.090909090909,9812.5,22,136,1
중등,일식,16,6,6900.0,8928.315412186379,30,279,1
중등,분식,12,6,6789.473684210527,3881.5261044176705,19,1245,1
초등,패스트푸드,13,4,5909.090909090909,5375.0,22,788,1
중등,카페디저트,12,0,7722.222222222223,5426.605504587156,27,109,1
고등,패스트푸드,19,5,6875.0,5920.833333333333,32,480,0
초등,한식,13,0,8000.0,7951.612903225807,17,217,1
초등,마트,16,2,6326.923076923077,6404.891304347826,26,184,1
중등,카페디저트,16,4,5083.333333333333,3974.358974358974,24,117,1
고등,일식,20,2,6416.666666666667,8815.217391304348,24,92,0
초등,분식,7,0,6109.375,4370.192307692308,32,208,0
초등,한식,17,4,5933.333333333333,11117.021276595744,15,47,1
초등,카페디저트,16,5,4427.777777777777,2656.5891472868216,18,258,0
초등,편의점,17,3,5078.125,2534.013605442177,32,294,0
중등,양식,17,6,7500.0,9834.82142857143,20,112,1
고등,분식,13,4,6440.0,3679.663608562691,25,654,1
초등,베이커리,17,2,5384.615384615385,5037.313432835821,13,402,1
중등,패스트푸드,15,6,6022.222222222223,8871.207430340557,18,323,0
중등,양식,15,2,8520.0,13500.0,25,57,0
중등,분식,18,2,7126.086956521739,4740.116279069767,23,860,0
초등,한식,16,1,6522.727272727273,9255.681818181818,22,88,1
고등,한식,19,4,7017.857142857143,7910.569105691057,28,123,0
중등,분식,8,2,6000.0,4740.116279069767,15,860,0
고등,일식,18,5,8615.384615384615,10000.0,13,76,1
중등,분식,15,4,6778.260869565217,4837.912087912088,23,364,0
중등,정육점,15,2,6363.636363636364,9229.05027932961,11,179,1
초등,카페디저트,16,3,6060.0,4787.465940054496,25,367,1
초등,한식,20,6,6650.0,7905.857740585774,14,239,1
중등,카페디저트,16,5,5500.0,4974.885844748858,17,219,0
중등,카페디저트,15,5,5533.333333333333,4787.465940054496,15,367,0
중등,분식,15,0,6342.105263157895,3719.13835956918,19,1207,1
기타,분식,7,3,6694.444444444444,3723.9077669902913,18,824,0
초등,카페디저트,16,2,5206.896551724138,4866.541353383459,29,266,1
중등,분식,15,1,4894.736842105263,4002.249718785152,19,889,0
중등,일식,16,3,8000.0,12245.192307692309,19,104,0
초등,분식,12,3,5886.363636363636,4881.4387211367675,22,1126,0
초등,분식,17,1,5434.782608695652,4522.857142857143,23,525,1
기타,아시안,7,4,6285.714285714285,9322.314049586777,28,121,1
고등,카페디저트,13,4,8976.190476190477,6225.563909774436,21,133,0
중등,카페디저트,17,1,5586.95652173913,5152.866242038216,23,157,1
초등,편의점,17,1,4717.391304347826,2534.013605442177,23,294,0
중등,베이커리,16,5,5342.105263157895,5090.848806366048,19,754,1
중등,한식,18,2,7523.809523809524,11064.220183486239,21,109,1
고등,한식,18,0,7274.193548387097,9097.222222222223,31,72,0
초등,양식,18,1,7136.363636363636,11270.440251572327,11,159,0
기타,한식,15,3,6625.0,8264.102564102564,28,195,1
초등,한식,9,4,4692.857142857143,8000.0,28,192,1
초등,편의점,16,1,3500.0,2069.8234349919744,18,623,0
초등,일식,17,4,6460.0,9888.888888888889,25,54,1
고등,양식,17,5,6850.0,9363.436123348018,20,227,1
고등,한식,20,2,6710.526315789473,8182.5842696629215,19,178,1
기타,분식,17,0,4275.862068965517,3679.663608562691,29,654,0
중등,카페디저트,17,4,4781.25,4539.156626506024,16,332,1
고등,분식,17,6,6680.0,3719.13835956918,25,1207,1
중등,카페디저트,17,5,6300.0,4203.488372093023,19,86,0
중등,한식,19,4,6303.030303030303,11064.220183486239,33,109,0
고등,한식,18,5,6233.333333333333,9128.57142857143,30,105,0
초등,베이커리,13,3,4833.333333333333,2296.352583586626,18,329,1
고등,일식,18,1,8351.851851851852,8501.557632398753,27,321,0
고등,중식,17,2,7725.0,7112.299465240641,20,187,0
고등,베이커리,20,1,7000.0,3775.4820936639117,28,363,1
초등,패스트푸드,15,1,5782.608695652174,5375.0,23,788,0
초등,분식,15,1,5434.782608695652,3644.4444444444443,23,945,1
초등,한식,15,3,4909.090909090909,11500.0,22,20,1
중등,카페디저트,15,2,6500.0,4787.465940054496,20,367,1
고등,한식,17,2,8388.888888888889,10055.555555555555,18,27,1
초등,한식,16,5,6565.217391304348,8547.79411764706,23,272,0
고등,한식,19,2,7272.727272727273,9762.295081967213,11,305,0
중등,한식,19,2,6120.0,7569.583931133429,25,697,1
기타,한식,12,4,7076.923076923077,10000.0,26,14,0
기타,한식,18,2,8550.0,10445.054945054944,20,91,0
초등,카페디저트,18,4,7818.181818181818,5808.1841432225065,11,782,1
중등,카페디저트,16,5,5523.809523809524,4539.787798408488,21,377,1
중등,한식,17,5,10227.272727272728,9942.567567567568,11,148,1
중등,분식,19,0,5227.272727272727,4881.4387211367675,22,1126,0
기타,카페디저트,16,3,6375.0,6505.576208178439,20,269,0
고등,중식,19,6,7750.0,8520.0,10,75,0
중등,분식,12,1,6357.142857142857,3881.5261044176705,21,1245,1
고등,카페디저트,16,3,9656.25,4539.787798408488,16,377,0
중등,카페디저트,13,4,9166.666666666666,5808.1841432225065,15,782,1
중등,아시안,12,4,6520.0,9009.615384615385,25,156,1
초등,분식,18,1,5833.333333333333,3719.13835956918,27,1207,1
기타,카페디저트,12,0,5973.684210526316,5557.142857142857,19,245,1
초등,분식,13,3,7756.25,3723.9077669902913,16,824,0
중등,카페디저트,13,0,7568.9655172413795,5686.206896551724,29,290,1
중등,분식,17,4,7017.241379310345,4314.528593508501,29,647,0
고등,양식,15,4,8714.285714285714,10215.686274509804,21,51,1
초등,카페디저트,15,0,6517.241379310345,5026.785714285715,29,112,1
초등,베이커리,16,0,5258.064516129032,4608.28025477707,31,314,0
기타,편의점,8,5,5156.0,2568.3520599250937,25,534,0
중등,일식,20,4,6250.0,9812.5,10,136,1
고등,베이커리,18,4,7923.076923076923,5037.313432835821,26,402,1
고등,일식,15,3,7600.0,10056.338028169013,20,71,0
초등,중식,16,6,5447.058823529412,8003.571428571428,17,140,1
고등,카페디저트,19,5,6531.25,3198.1132075471696,16,159,0
중등,분식,17,5,5875.0,4875.0,16,336,0
중등,카페디저트,17,4,6200.0,5000.0,20,134,0
고등,중식,16,2,8115.384615384615,8033.56890459364,13,283,1
초등,한식,12,0,5433.333333333333,9287.5,15,40,1
초등,베이커리,16,1,6386.363636363636,3077.039274924471,22,331,0
고등,카페디저트,19,6,9772.727272727272,3553.054662379421,11,311,0
고등,중식,16,1,6500.0,8017.857142857143,14,28,0
중등,분식,12,1,5458.333333333333,5954.397394136808,12,307,0
중등,한식,18,3,6666.666666666667,10561.40350877193,18,57,1
초등,카페디저트,8,5,6088.235294117647,6629.56204379562,17,274,0
초등,분식,17,1,6020.0,4740.116279069767,30,860,0
기타,패스트푸드,13,5,5483.870967741936,5920.833333333333,31,480,1
중등,베이커리,16,0,5558.823529411765,2896.6244725738397,17,237,0
중등,베이커리,15,6,5578.125,3131.8289786223277,32,421,1
중등,카페디저트,16,6,5642.857142857143,3724.137931034483,14,29,0
기타,분식,8,6,6518.518518518518,3881.5261044176705,27,1245,0
고등,카페디저트,18,4,6739.130434782609,6053.846153846154,23,260,1
중등,일식,15,3,10375.0,8641.509433962265,8,530,0
고등,마트,19,3,6720.0,5222.323049001815,25,551,0
기타,한식,15,4,7687.5,7905.857740585774,16,239,1
중등,분식,7,4,6750.0,3723.9077669902913,16,824,0
중등,카페디저트,12,1,6529.411764705882,3553.054662379421,17,311,0
초등,한식,15,5,6973.684210526316,8873.75415282392,19,301,1
초등,분식,12,3,5680.0,4770.516717325228,25,329,0
고등,중식,19,3,7818.181818181818,8028.761061946902,11,226,1
중등,아시안,15,0,7695.652173913043,8339.506172839507,23,81,1
중등,분식,20,2,7086.95652173913,4028.1293952180026,23,711,0
초등,패스트푸드,12,6,5377.777777777777,8526.073619631901,27,326,0
고등,일식,12,4,7716.666666666667,13418.560606060606,30,264,0
초등,분식,12,3,6843.75,3719.13835956918,16,1207,0
초등,편의점,16,3,6071.428571428572,2568.3520599250937,14,534,0
초등,카페디저트,17,2,6619.047619047619,6505.576208178439,21,269,0
중등,카페디저트,17,2,6814.814814814815,5026.785714285715,27,112,0
중등,카페디저트,16,6,7136.363636363636,4847.540983606557,11,305,0
중등,베이커리,16,5,8250.0,4262.962962962963,20,405,0
고등,일식,17,0,7520.833333333333,10548.429319371728,24,382,0
초등,한식,15,5,6681.481481481482,7951.612903225807,27,217,1
중등,베이커리,12,1,5027.777777777777,5550.802139037433,18,187,0
고등,카페디저트,18,6,9388.888888888889,6629.56204379562,9,274,0
고등,분식,12,0,5976.190476190476,4471.518987341772,21,158,1
중등,중식,12,0,7260.0,8267.313019390582,25,361,1
중등,카페디저트,19,3,7214.285714285715,4765.714285714285,7,175,0
초등,카페디저트,7,4,6958.333333333333,4365.384615384615,12,78,0
초등,베이커리,13,6,5452.380952380952,3775.4820936639117,21,363,1
고등,카페디저트,16,4,11100.0,5557.142857142857,15,245,0
초등,카페디저트,8,6,4875.0,3925.925925925926,20,81,1
중등,분식,13,6,5222.222222222223,3679.663608562691,18,654,1
초등,분식,16,3,4931.25,4740.116279069767,16,860,0
고등,카페디저트,17,1,6638.888888888889,4325.949367088608,18,948,0
고등,양식,18,1,8000.0,8544.262295081968,13,610,1
중등,카페디저트,12,2,6866.666666666667,4325.949367088608,15,948,0
고등,카페디저트,16,5,6035.714285714285,4407.942238267148,14,277,1
초등,카페디저트,16,2,5942.307692307692,5012.3456790123455,26,81,1
중등,분식,16,1,6465.517241379311,3881.5261044176705,29,1245,1
고등,일식,17,5,6722.222222222223,11477.777777777777,9,90,0
초등,중식,16,5,6500.0,7310.0,25,100,1
초등,분식,13,2,5900.0,3634.8039215686276,15,204,0
초등,카페디저트,13,1,4800.0,4335.365853658536,28,164,1
중등,카페디저트,18,0,7650.0,3553.054662379421,20,311,0
초등,베이커리,18,4,6109.375,5097.744360902256,32,266,0
고등,양식,18,5,8750.0,12234.782608695652,24,115,0
초등,베이커리,16,3,6421.0526315789475,5090.848806366048,19,754,0
중등,분식,20,4,6714.285714285715,4821.808510638298,28,188,1
고등,카페디저트,17,3,6857.142857142857,4427.710843373494,21,83,1
고등,한식,19,5,7650.0,8934.782608695652,30,46,1
중등,일식,12,6,6894.736842105263,9984.797297297297,19,296,0
기타,일식,16,0,5700.0,9812.5,20,136,0
초등,분식,18,2,4590.0,3650.4854368932038,30,206,1
중등,카페디저트,12,1,7307.692307692308,5750.7836990595615,13,319,1
고등,패스트푸드,17,0,8230.76923076923,5375.0,13,788,0
고등,카페디저트,19,4,6264.705882352941,4974.885844748858,17,219,0
중등,양식,16,0,6978.260869565217,11030.0,23,50,1
고등,한식,19,2,7113.636363636364,7569.583931133429,22,697,0
고등,카페디저트,20,1,8477.272727272728,4365.384615384615,22,78,1
고등,베이커리,19,3,4476.190476190476,4212.5,21,560,1
중등,분식,17,4,7093.75,4876.344086021505,16,186,0
초등,분식,9,3,4490.909090909091,3883.8582677165355,11,254,1
중등,분식,16,4,6138.888888888889,3644.4444444444443,18,945,1
초등,중식,16,4,5634.615384615385,8500.0,26,29,0
초등,편의점,12,0,3975.757575757576,2568.3520599250937,33,534,0
초등,한식,15,6,6137.931034482759,10202.380952380952,29,126,0
중등,아시안,19,6,6950.0,7682.692307692308,10,52,1
기타,분식,17,2,5821.428571428572,2676.950998185118,28,551,1
초등,카페디저트,8,0,5277.777777777777,3553.054662379421,18,311,1
기타,분식,13,2,5937.5,4522.857142857143,24,525,0
초등,분식,16,5,8117.64705882353,3881.5261044176705,17,1245,0
중등,카페디저트,16,3,5181.818181818182,4680.0,22,125,0
중등,일식,20,2,6740.0,8860.0,25,125,0
중등,분식,16,2,6214.285714285715,3719.13835956918,21,1207,1
중등,카페디저트,12,4,7482.142857142857,6225.563909774436,28,133,0
초등,한식,13,3,7850.0,12355.555555555555,10,45,0
초등,베이커리,13,1,5479.166666666667,4270.992366412213,24,131,1
초등,중식,16,6,6833.333333333333,8028.761061946902,18,226,1
중등,카페디저트,13,2,5142.857142857143,4325.949367088608,28,948,1
초등,분식,19,3,6038.461538461538,4770.516717325228,26,329,0
고등,편의점,18,2,4427.272727272727,2069.8234349919744,22,623,1
중등,중식,12,6,7214.285714285715,8142.011834319526,28,169,1
초등,베이커리,15,1,3694.4444444444443,4212.5,18,560,1
기타,한식,12,1,7807.692307692308,9981.481481481482,13,54,1
중등,분식,15,3,5300.0,5007.751937984496,10,516,1
초등,베이커리,18,5,3442.8571428571427,3351.1226252158895,14,579,0
중등,분식,17,5,4678.571428571428,4028.1293952180026,14,711,1
초등,중식,16,6,5962.962962962963,7748.5207100591715,27,169,1
초등,카페디저트,15,6,7187.5,5808.1841432225065,8,782,1
고등,베이커리,19,6,7760.0,4627.9826464208245,25,461,0
중등,분식,19,4,7205.882352941177,3881.5261044176705,17,1245,0
초등,베이커리,15,4,5452.380952380952,5600.0,21,355,0
중등,분식,8,6,5934.782608695652,3644.4444444444443,23,945,0
중등,카페디저트,16,2,5740.0,5173.031496062992,15,508,0
기타,분식,7,0,5934.782608695652,4002.249718785152,23,889,0
중등,카페디저트,17,4,5041.666666666667,4974.885844748858,12,219,0
초등,편의점,15,5,4927.272727272727,2069.8234349919744,33,623,1
중등,분식,17,6,7000.0,3927.2197962154296,20,687,0
초등,베이커리,17,6,5404.761904761905,5600.0,21,355,1
초등,한식,17,0,7134.615384615385,8328.947368421053,26,152,1
중등,분식,18,2,5952.380952380952,4715.469613259668,21,181,0
초등,한식,17,4,7576.923076923077,7951.612903225807,13,217,1
초등,아시안,15,0,5296.428571428572,8003.90625,28,128,0
중등,일식,16,2,7933.333333333333,9970.383275261323,15,287,0
초등,분식,18,3,4818.181818181818,3883.8582677165355,22,254,0
초등,카페디저트,15,3,5694.444444444444,4539.787798408488,18,377,0
초등,베이커리,17,6,4774.193548387097,4483.957219251337,31,187,0
초등,정육점,16,4,5909.090909090909,9229.05027932961,11,179,1
고등,한식,12,5,9285.714285714286,9697.67441860465,21,43,1
고등,카페디저트,17,0,6620.0,4672.413793103448,25,87,1
초등,카페디저트,8,6,5951.612903225807,6505.576208178439,31,269,1
고등,카페디저트,12,1,7321.428571428572,4672.413793103448,14,87,1
초등,분식,7,2,4354.166666666667,4770.516717325228,24,329,0
중등,일식,19,1,8520.0,12245.192307692309,25,104,1
초등,베이커리,18,1,6227.272727272727,3930.9210526315787,11,304,0
초등,패스트푸드,16,1,5425.925925925926,6192.37012987013,27,616,0
고등,일식,20,3,8954.545454545454,8738.095238095239,22,63,1
고등,일식,12,5,9800.0,8641.509433962265,10,530,1
초등,한식,16,0,6428.571428571428,8138.1578947368425,7,76,0
고등,카페디저트,16,5,8586.95652173913,4564.9819494584835,23,277,0
중등,카페디저트,17,4,6928.571428571428,4387.921653971708,28,919,0
초등,카페디저트,16,5,3938.8888888888887,4862.416107382551,18,298,1
초등,분식,15,5,6107.142857142857,3644.4444444444443,14,945,0
초등,한식,12,4,5152.173913043478,9051.28205128205,23,234,0
고등,베이커리,15,5,7000.0,5600.0,20,355,1
기타,양식,18,1,8111.111111111111,11524.390243902439,9,41,0
초등,베이커리,16,5,6519.2307692307695,4627.9826464208245,26,461,1
초등,베이커리,13,0,5111.111111111111,2296.352583586626,27,329,1
고등,중식,13,0,6950.0,8267.313019390582,10,361,0
고등,한식,12,4,8095.238095238095,8614.285714285714,21,70,1
중등,베이커리,16,3,7791.666666666667,3775.4820936639117,24,363,1
초등,기타,13,3,7354.166666666667,7988.571428571428,24,175,1
중등,베이커리,18,4,4425.0,3351.1226252158895,8,579,1
초등,베이커리,17,6,5700.0,5090.848806366048,15,754,1
고등,양식,17,3,8472.222222222223,9716.04938271605,18,81,0
고등,한식,18,4,7893.939393939394,12579.36507936508,33,63,0
초등,베이커리,17,3,4578.9473684210525,4549.82206405694,19,281,0
초등,카페디저트,15,3,5129.032258064516,4672.413793103448,31,87,1
초등,카페디저트,13,2,4961.538461538462,3553.054662379421,13,311,1
중등,패스트푸드,16,4,7307.692307692308,5953.91061452514,13,358,1
초등,분식,17,1,5238.0952380952385,4171.130952380952,21,336,1
고등,카페디저트,8,1,7874.193548387097,5173.031496062992,31,508,1
초등,편의점,12,2,6057.142857142857,2568.3520599250937,28,534,0
초등,중식,18,0,5093.333333333333,7469.072164948454,15,97,1
고등,양식,18,2,7947.368421052632,9150.0,19,60,0
초등,한식,16,2,6866.666666666667,9896.396396396396,15,111,1
초등,분식,16,1,5700.0,5007.751937984496,15,516,0
중등,분식,17,3,5843.75,4622.093023255814,16,258,1
중등,카페디저트,17,3,5207.692307692308,4862.416107382551,13,298,0
초등,카페디저트,13,4,4488.461538461538,4862.416107382551,26,298,1
초등,분식,19,3,5300.0,5468.646864686469,25,303,0
중등,카페디저트,19,3,6175.0,4387.921653971708,20,919,0
중등,분식,16,6,6880.952380952381,4314.528593508501,21,647,0
중등,패스트푸드,16,1,7000.0,7265.306122448979,15,392,0
초등,베이커리,16,1,7194.444444444444,3077.039274924471,18,331,0
초등,베이커리,12,4,4343.75,2909.365558912387,32,331,1
기타,양식,18,1,6475.0,8544.262295081968,20,610,0
고등,카페디저트,16,4,6618.181818181818,2656.5891472868216,11,258,0
초등,패스트푸드,15,1,5187.5,8250.0,16,678,0
고등,카페디저트,16,0,7125.0,4564.417177914111,32,326,1
고등,중식,20,0,7775.0,7469.072164948454,20,97,1
중등,분식,17,0,6017.857142857143,3505.61797752809,28,178,0
초등,아시안,15,2,5321.428571428572,9322.314049586777,14,121,1
중등,카페디저트,8,5,7277.777777777777,6629.56204379562,9,274,1
초등,베이커리,12,1,4937.5,4549.82206405694,16,281,0
초등,분식,12,4,5975.0,3719.13835956918,20,1207,1
중등,한식,18,3,7129.62962962963,8914.179104477613,27,134,1
초등,한식,15,4,6500.0,8264.102564102564,21,195,1
중등,카페디저트,18,2,7166.666666666667,4495.575221238938,12,113,0
초등,카페디저트,17,0,4730.7692307692305,4847.540983606557,13,305,1
고등,분식,13,3,7133.333333333333,4622.093023255814,15,258,1
초등,패스트푸드,20,2,4941.176470588235,5920.833333333333,17,480,0
초등,분식,16,4,3550.0,4740.116279069767,14,860,1
초등,베이커리,15,6,5466.666666666667,3462.280701754386,18,342,1
중등,카페디저트,18,4,6560.0,4387.921653971708,25,919,1
초등,분식,8,4,5954.545454545455,2676.950998185118,11,551,0
기타,카페디저트,13,4,5294.736842105263,5173.031496062992,19,508,0
중등,일식,12,0,8833.333333333334,9099.439775910365,12,357,0
중등,분식,17,3,6625.0,3723.9077669902913,12,824,0
중등,분식,13,4,5789.473684210527,4756.965944272446,19,323,0
기타,카페디저트,13,4,5450.0,3795.343137254902,20,408,0
기타,분식,12,1,6133.333333333333,3723.9077669902913,15,824,0
초등,베이커리,17,5,4313.636363636364,4483.957219251337,22,187,0
초등,분식,18,3,6148.148148148148,4314.528593508501,27,647,0
초등,분식,16,4,5700.0,4875.0,15,336,0
중등,카페디저트,16,3,6593.75,3553.054662379421,16,311,0
초등,카페디저트,12,5,6750.0,5808.1841432225065,8,782,1
초등,한식,12,1,5157.894736842105,9967.548076923076,19,416,1
초등,베이커리,19,0,6034.482758620689,3930.9210526315787,29,304,1
고등,중식,18,2,6766.666666666667,8028.761061946902,15,226,0
초등,분식,16,0,6671.875,4837.912087912088,32,364,1
초등,패스트푸드,8,4,5958.333333333333,5920.833333333333,24,480,1
기타,베이커리,8,3,7326.923076923077,3930.9210526315787,26,304,1
고등,일식,17,4,8700.0,9803.73831775701,10,214,0
고등,베이커리,8,5,7500.0,3131.8289786223277,14,421,0
중등,분식,15,3,5973.684210526316,4071.6911764705883,19,272,0
고등,카페디저트,12,1,10625.0,5808.1841432225065,12,782,1
초등,분식,15,6,5191.666666666667,4187.5,24,248,0
초등,정육점,19,3,6295.454545454545,9229.05027932961,22,179,1
기타,분식,18,4,5100.0,2676.950998185118,10,551,0
초등,분식,13,1,4338.888888888889,4715.469613259668,18,181,0
초등,베이커리,15,4,5147.058823529412,3077.039274924471,17,331,1
중등,카페디저트,16,0,7339.285714285715,4325.949367088608,28,948,0
초등,한식,17,1,6711.538461538462,7087.786259541985,26,262,1
기타,분식,19,2,4583.333333333333,3679.663608562691,12,654,1
초등,아시안,18,5,7571.428571428572,8147.058823529412,7,102,1
초등,일식,18,6,7000.0,7761.290322580645,13,775,1
초등,분식,12,2,7326.086956521739,3735.9813084112147,23,214,0
초등,중식,15,0,7550.0,7748.5207100591715,12,169,0
초등,편의점,18,3,5842.105263157895,2534.013605442177,19,294,0
초등,한식,16,2,6972.222222222223,9410.714285714286,18,308,0
고등,카페디저트,16,2,6760.869565217391,4387.921653971708,23,919,0
중등,일식,17,5,6848.484848484848,10552.910052910052,33,189,1
중등,한식,12,6,5710.0,8413.24200913242,20,219,0
중등,베이커리,16,1,4447.368421052632,2896.6244725738397,19,237,1
중등,분식,16,2,6450.0,4171.130952380952,10,336,0
고등,한식,16,6,6600.0,8776.073619631901,25,163,1
초등,분식,15,4,4448.484848484848,4495.145631067961,33,206,1
초등,베이커리,17,0,4920.0,4580.168776371308,25,237,1
중등,한식,17,2,6057.692307692308,8776.073619631901,26,163,1
중등,일식,12,1,7440.0,8567.796610169491,20,531,1
고등,한식,19,4,6433.333333333333,8179.245283018868,30,53,0
중등,카페디저트,17,2,7440.0,5173.031496062992,20,508,1
중등,카페디저트,15,5,6970.588235294118,6244.68085106383,17,235,1
초등,베이커리,17,3,5134.615384615385,3131.8289786223277,26,421,1
중등,분식,8,1,5092.0,4740.116279069767,25,860,1
중등,분식,17,1,6125.0,5007.751937984496,12,516,0
초등,일식,15,3,5204.545454545455,9072.745901639344,22,488,1
중등,중식,18,2,6850.0,8033.56890459364,30,283,1
초등,한식,12,6,5710.526315789473,9051.28205128205,19,234,1
중등,분식,17,5,6066.666666666667,3723.9077669902913,21,824,0
초등,베이커리,17,5,4857.142857142857,3077.039274924471,21,331,0
고등,분식,18,5,7527.777777777777,4756.965944272446,18,323,1
초등,분식,16,4,5400.0,4028.1293952180026,10,711,0
중등,양식,17,0,7342.105263157895,8778.032036613273,19,437,1
기타,분식,13,1,6382.35294117647,3881.5261044176705,34,1245,0
중등,카페디저트,15,6,7515.625,5750.7836990595615,32,319,1
초등,패스트푸드,19,5,5027.777777777777,5920.833333333333,18,480,0
초등,베이커리,16,3,7225.0,4627.9826464208245,20,461,1
중등,일식,16,2,7100.0,10448.795180722891,15,166,1
고등,카페디저트,18,3,6888.888888888889,3553.054662379421,18,311,0
중등,분식,18,4,6730.7692307692305,2676.950998185118,26,551,0
고등,베이커리,13,4,7000.0,5600.0,28,355,1
기타,한식,7,4,7958.333333333333,9072.319201995013,12,401,1
고등,편의점,15,2,6795.454545454545,2534.013605442177,22,294,1
고등,카페디저트,16,3,7562.5,4245.098039215686,24,357,1
고등,카페디저트,18,4,6350.0,4539.156626506024,20,332,1
고등,중식,19,2,8208.333333333334,8457.142857142857,12,70,0
중등,베이커리,12,2,6839.285714285715,5037.313432835821,28,402,1
초등,한식,13,5,5925.0,8009.977827050998,20,451,0
중등,한식,19,4,6800.0,9559.171597633136,15,169,1
초등,카페디저트,15,5,6361.111111111111,5686.206896551724,18,290,1
초등,편의점,17,6,3873.913043478261,2568.3520599250937,23,534,0
초등,분식,18,1,6550.0,3989.0510948905107,10,137,0
고등,한식,17,6,7200.0,7569.583931133429,15,697,1
초등,분식,17,5,5057.142857142857,4922.945205479452,14,292,0
초등,카페디저트,13,3,4709.090909090909,5934.782608695652,33,138,1
고등,한식,18,3,7416.666666666667,8009.977827050998,24,451,1
기타,한식,18,2,9600.0,12355.555555555555,25,45,0
초등,편의점,15,4,5100.0,2568.3520599250937,15,534,0
초등,분식,12,3,5138.888888888889,4875.0,18,336,1
중등,한식,18,1,5545.454545454545,9896.396396396396,22,111,0
중등,카페디저트,16,4,7205.882352941177,4325.949367088608,17,948,1
고등,아시안,16,2,7074.074074074074,9009.615384615385,27,156,1
중등,일식,15,4,8772.727272727272,8815.217391304348,11,92,1
고등,중식,12,1,9710.526315789473,12250.76923076923,19,325,1
기타,한식,16,3,5477.272727272727,11833.333333333334,22,24,1
초등,카페디저트,15,1,4880.7692307692305,4862.416107382551,26,298,1
기타,한식,17,2,7860.0,8264.102564102564,25,195,0
고등,카페디저트,13,6,6750.0,3795.343137254902,26,408,0
초등,카페디저트,13,0,7267.857142857143,4325.949367088608,28,948,1
고등,일식,17,2,7327.586206896552,8928.315412186379,29,279,1
중등,카페디저트,12,3,7053.846153846154,4734.375,26,160,0
고등,양식,20,2,7519.2307692307695,9733.944954128441,26,109,0
고등,카페디저트,17,4,5382.35294117647,3576.2195121951218,17,164,1
중등,패스트푸드,12,1,5894.736842105263,8871.207430340557,19,323,0
초등,카페디저트,16,0,5156.25,6244.68085106383,16,235,1
중등,패스트푸드,16,0,8136.363636363636,8250.0,11,678,0
중등,패스트푸드,13,1,7250.0,8250.0,28,678,0
초등,한식,16,2,5625.0,7569.583931133429,28,697,1
초등,일식,15,6,4634.615384615385,7660.714285714285,26,84,0
고등,양식,18,6,6652.173913043478,8544.262295081968,23,610,0
초등,분식,15,5,6480.0,3881.5261044176705,25,1245,1
중등,패스트푸드,9,6,5944.444444444444,5920.833333333333,18,480,0
초등,분식,13,6,4952.380952380952,4002.249718785152,21,889,0
기타,분식,18,4,6965.517241379311,4881.4387211367675,29,1126,0
중등,분식,16,6,8038.461538461538,4314.528593508501,26,647,1
고등,카페디저트,17,2,6500.0,4777.777777777777,29,162,1
중등,중식,20,2,8285.714285714286,8267.313019390582,21,361,0
중등,카페디저트,12,2,7722.222222222223,5426.605504587156,27,109,1
초등,분식,15,5,5884.615384615385,4434.306569343065,26,137,1
초등,일식,17,6,5388.888888888889,9308.743169398907,18,183,1
중등,분식,19,3,6263.636363636364,4740.116279069767,11,860,0
초등,베이커리,15,1,5975.0,4580.168776371308,20,237,0
초등,베이커리,18,4,5461.538461538462,3930.9210526315787,13,304,0
초등,베이커리,15,2,4806.666666666667,4008.108108108108,15,185,1
초등,베이커리,17,0,5738.0952380952385,4627.9826464208245,21,461,1
초등,분식,17,0,5458.333333333333,4028.1293952180026,24,711,1
중등,일식,18,3,7642.857142857143,10448.795180722891,21,166,0
초등,분식,15,4,4127.272727272727,4740.116279069767,11,860,0
초등,베이커리,12,6,5423.076923076923,4212.5,13,560,1
초등,베이커리,17,3,6666.666666666667,2643.076923076923,21,325,0
중등,분식,16,1,5038.461538461538,3845.3237410071943,26,278,0
기타,카페디저트,17,0,8708.333333333334,4765.714285714285,12,175,1
기타,한식,12,6,6934.210526315789,9097.222222222223,38,72,0
중등,카페디저트,17,3,7416.666666666667,3925.925925925926,24,81,0
고등,양식,20,6,9050.0,8778.032036613273,10,437,0
초등,베이커리,15,6,5700.0,3077.039274924471,15,331,0
초등,패스트푸드,15,3,8021.0526315789475,8871.207430340557,19,323,0
초등,분식,15,6,5300.0,3644.4444444444443,30,945,1
고등,일식,17,5,5725.806451612903,10000.0,31,76,0
초등,카페디저트,12,0,5314.814814814815,3576.2195121951218,27,164,0
초등,분식,16,0,6333.333333333333,4171.130952380952,27,336,0
초등,분식,18,5,4566.666666666667,4002.249718785152,15,889,0
중등,분식,15,0,8520.0,4028.1293952180026,25,711,0
초등,분식,15,3,6078.9473684210525,3719.13835956918,19,1207,0
중등,베이커리,16,2,5931.818181818182,3775.4820936639117,22,363,1
중등,패스트푸드,15,2,6517.857142857143,6192.37012987013,28,616,0
초등,분식,13,6,5450.0,4922.945205479452,16,292,1
고등,양식,13,1,7222.222222222223,8544.262295081968,27,610,0
초등,분식,17,5,5119.047619047619,5468.646864686469,21,303,0
중등,분식,17,5,6722.222222222223,3723.9077669902913,9,824,0
중등,일식,15,1,7333.333333333333,13115.384615384615,12,91,0
초등,베이커리,15,3,6630.434782608696,5090.848806366048,23,754,0
고등,중식,12,0,8565.217391304348,11018.867924528302,23,53,0
초등,베이커리,17,4,5648.148148148148,3603.6585365853657,27,164,0
고등,카페디저트,17,0,5846.153846153846,6053.846153846154,13,260,1
고등,카페디저트,20,3,8545.0,4310.661764705882,20,272,0
초등,카페디저트,8,5,6750.0,5808.1841432225065,8,782,1
초등,베이커리,16,1,5029.411764705882,3930.9210526315787,17,304,1
고등,분식,17,0,7156.666666666667,5227.272727272727,30,176,1
초등,카페디저트,15,1,7250.0,5152.866242038216,26,157,0
중등,한식,15,1,6740.0,8182.5842696629215,25,178,1
초등,베이커리,15,0,6000.0,4479.619565217391,14,368,0
초등,분식,15,0,5384.615384615385,3723.9077669902913,13,824,0
초등,카페디저트,9,1,4913.793103448276,4875.0,29,308,1
고등,양식,13,4,8472.222222222223,10016.393442622952,18,61,1
중등,한식,17,0,7607.142857142857,11409.09090909091,14,44,0
초등,베이커리,15,0,5980.7692307692305,4608.28025477707,26,314,1
고등,카페디저트,19,4,8437.5,5750.7836990595615,16,319,0
고등,일식,17,5,8562.5,9984.797297297297,8,296,0
초등,베이커리,19,6,6543.478260869565,3551.912568306011,23,183,0
